--
-- PostgreSQL database dump
--

-- Dumped from database version 16.6 (Ubuntu 16.6-0ubuntu0.24.04.1)
-- Dumped by pg_dump version 16.6 (Ubuntu 16.6-0ubuntu0.24.04.1)

-- Started on 2025-01-08 14:42:49 EET

SET statement_timeout = 0;
SET lock_timeout = 0;
SET idle_in_transaction_session_timeout = 0;
SET client_encoding = 'UTF8';
SET standard_conforming_strings = on;
SELECT pg_catalog.set_config('search_path', '', false);
SET check_function_bodies = false;
SET xmloption = content;
SET client_min_messages = warning;
SET row_security = off;

SET default_tablespace = '';

SET default_table_access_method = heap;

--
-- TOC entry 222 (class 1259 OID 17358)
-- Name: auth_group; Type: TABLE; Schema: public; Owner: postgres
--

CREATE TABLE public.auth_group (
    id integer NOT NULL,
    name character varying(150) NOT NULL
);


ALTER TABLE public.auth_group OWNER TO postgres;

--
-- TOC entry 221 (class 1259 OID 17357)
-- Name: auth_group_id_seq; Type: SEQUENCE; Schema: public; Owner: postgres
--

ALTER TABLE public.auth_group ALTER COLUMN id ADD GENERATED BY DEFAULT AS IDENTITY (
    SEQUENCE NAME public.auth_group_id_seq
    START WITH 1
    INCREMENT BY 1
    NO MINVALUE
    NO MAXVALUE
    CACHE 1
);


--
-- TOC entry 224 (class 1259 OID 17366)
-- Name: auth_group_permissions; Type: TABLE; Schema: public; Owner: postgres
--

CREATE TABLE public.auth_group_permissions (
    id bigint NOT NULL,
    group_id integer NOT NULL,
    permission_id integer NOT NULL
);


ALTER TABLE public.auth_group_permissions OWNER TO postgres;

--
-- TOC entry 223 (class 1259 OID 17365)
-- Name: auth_group_permissions_id_seq; Type: SEQUENCE; Schema: public; Owner: postgres
--

ALTER TABLE public.auth_group_permissions ALTER COLUMN id ADD GENERATED BY DEFAULT AS IDENTITY (
    SEQUENCE NAME public.auth_group_permissions_id_seq
    START WITH 1
    INCREMENT BY 1
    NO MINVALUE
    NO MAXVALUE
    CACHE 1
);


--
-- TOC entry 220 (class 1259 OID 17352)
-- Name: auth_permission; Type: TABLE; Schema: public; Owner: postgres
--

CREATE TABLE public.auth_permission (
    id integer NOT NULL,
    name character varying(255) NOT NULL,
    content_type_id integer NOT NULL,
    codename character varying(100) NOT NULL
);


ALTER TABLE public.auth_permission OWNER TO postgres;

--
-- TOC entry 219 (class 1259 OID 17351)
-- Name: auth_permission_id_seq; Type: SEQUENCE; Schema: public; Owner: postgres
--

ALTER TABLE public.auth_permission ALTER COLUMN id ADD GENERATED BY DEFAULT AS IDENTITY (
    SEQUENCE NAME public.auth_permission_id_seq
    START WITH 1
    INCREMENT BY 1
    NO MINVALUE
    NO MAXVALUE
    CACHE 1
);


--
-- TOC entry 252 (class 1259 OID 17618)
-- Name: django_admin_log; Type: TABLE; Schema: public; Owner: postgres
--

CREATE TABLE public.django_admin_log (
    id integer NOT NULL,
    action_time timestamp with time zone NOT NULL,
    object_id text,
    object_repr character varying(200) NOT NULL,
    action_flag smallint NOT NULL,
    change_message text NOT NULL,
    content_type_id integer,
    user_id integer NOT NULL,
    CONSTRAINT django_admin_log_action_flag_check CHECK ((action_flag >= 0))
);


ALTER TABLE public.django_admin_log OWNER TO postgres;

--
-- TOC entry 251 (class 1259 OID 17617)
-- Name: django_admin_log_id_seq; Type: SEQUENCE; Schema: public; Owner: postgres
--

ALTER TABLE public.django_admin_log ALTER COLUMN id ADD GENERATED BY DEFAULT AS IDENTITY (
    SEQUENCE NAME public.django_admin_log_id_seq
    START WITH 1
    INCREMENT BY 1
    NO MINVALUE
    NO MAXVALUE
    CACHE 1
);


--
-- TOC entry 218 (class 1259 OID 17344)
-- Name: django_content_type; Type: TABLE; Schema: public; Owner: postgres
--

CREATE TABLE public.django_content_type (
    id integer NOT NULL,
    app_label character varying(100) NOT NULL,
    model character varying(100) NOT NULL
);


ALTER TABLE public.django_content_type OWNER TO postgres;

--
-- TOC entry 217 (class 1259 OID 17343)
-- Name: django_content_type_id_seq; Type: SEQUENCE; Schema: public; Owner: postgres
--

ALTER TABLE public.django_content_type ALTER COLUMN id ADD GENERATED BY DEFAULT AS IDENTITY (
    SEQUENCE NAME public.django_content_type_id_seq
    START WITH 1
    INCREMENT BY 1
    NO MINVALUE
    NO MAXVALUE
    CACHE 1
);


--
-- TOC entry 216 (class 1259 OID 17336)
-- Name: django_migrations; Type: TABLE; Schema: public; Owner: postgres
--

CREATE TABLE public.django_migrations (
    id bigint NOT NULL,
    app character varying(255) NOT NULL,
    name character varying(255) NOT NULL,
    applied timestamp with time zone NOT NULL
);


ALTER TABLE public.django_migrations OWNER TO postgres;

--
-- TOC entry 215 (class 1259 OID 17335)
-- Name: django_migrations_id_seq; Type: SEQUENCE; Schema: public; Owner: postgres
--

ALTER TABLE public.django_migrations ALTER COLUMN id ADD GENERATED BY DEFAULT AS IDENTITY (
    SEQUENCE NAME public.django_migrations_id_seq
    START WITH 1
    INCREMENT BY 1
    NO MINVALUE
    NO MAXVALUE
    CACHE 1
);


--
-- TOC entry 253 (class 1259 OID 17638)
-- Name: django_session; Type: TABLE; Schema: public; Owner: postgres
--

CREATE TABLE public.django_session (
    session_key character varying(40) NOT NULL,
    session_data text NOT NULL,
    expire_date timestamp with time zone NOT NULL
);


ALTER TABLE public.django_session OWNER TO postgres;

--
-- TOC entry 259 (class 1259 OID 25976)
-- Name: rapair_db_competition; Type: TABLE; Schema: public; Owner: postgres
--

CREATE TABLE public.rapair_db_competition (
    id integer NOT NULL,
    name character varying(255) NOT NULL,
    start_date date NOT NULL,
    end_date date NOT NULL,
    location character varying(255) NOT NULL,
    type character varying(255) NOT NULL,
    created_at timestamp with time zone NOT NULL,
    description text NOT NULL,
    rules text NOT NULL,
    prize_distribution text NOT NULL
);


ALTER TABLE public.rapair_db_competition OWNER TO postgres;

--
-- TOC entry 258 (class 1259 OID 25975)
-- Name: rapair_db_competition_id_seq; Type: SEQUENCE; Schema: public; Owner: postgres
--

ALTER TABLE public.rapair_db_competition ALTER COLUMN id ADD GENERATED BY DEFAULT AS IDENTITY (
    SEQUENCE NAME public.rapair_db_competition_id_seq
    START WITH 1
    INCREMENT BY 1
    NO MINVALUE
    NO MAXVALUE
    CACHE 1
);


--
-- TOC entry 226 (class 1259 OID 17398)
-- Name: rapair_db_competitiongroup; Type: TABLE; Schema: public; Owner: postgres
--

CREATE TABLE public.rapair_db_competitiongroup (
    id integer NOT NULL,
    name character varying(255) NOT NULL,
    score integer,
    created_at timestamp with time zone NOT NULL,
    competition_time time without time zone,
    CONSTRAINT rapair_db_competitiongroup_score_check CHECK ((score >= 0))
);


ALTER TABLE public.rapair_db_competitiongroup OWNER TO postgres;

--
-- TOC entry 225 (class 1259 OID 17397)
-- Name: rapair_db_competitiongroup_id_seq; Type: SEQUENCE; Schema: public; Owner: postgres
--

ALTER TABLE public.rapair_db_competitiongroup ALTER COLUMN id ADD GENERATED BY DEFAULT AS IDENTITY (
    SEQUENCE NAME public.rapair_db_competitiongroup_id_seq
    START WITH 1
    INCREMENT BY 1
    NO MINVALUE
    NO MAXVALUE
    CACHE 1
);


--
-- TOC entry 236 (class 1259 OID 17443)
-- Name: rapair_db_judgeuser; Type: TABLE; Schema: public; Owner: postgres
--

CREATE TABLE public.rapair_db_judgeuser (
    id bigint NOT NULL,
    group_id integer,
    user_id integer NOT NULL
);


ALTER TABLE public.rapair_db_judgeuser OWNER TO postgres;

--
-- TOC entry 235 (class 1259 OID 17442)
-- Name: rapair_db_judgeuser_id_seq; Type: SEQUENCE; Schema: public; Owner: postgres
--

ALTER TABLE public.rapair_db_judgeuser ALTER COLUMN id ADD GENERATED BY DEFAULT AS IDENTITY (
    SEQUENCE NAME public.rapair_db_judgeuser_id_seq
    START WITH 1
    INCREMENT BY 1
    NO MINVALUE
    NO MAXVALUE
    CACHE 1
);


--
-- TOC entry 228 (class 1259 OID 17407)
-- Name: rapair_db_organization; Type: TABLE; Schema: public; Owner: postgres
--

CREATE TABLE public.rapair_db_organization (
    id integer NOT NULL,
    name character varying(255) NOT NULL,
    address character varying(255) NOT NULL,
    type character varying(255) NOT NULL,
    email character varying(254) NOT NULL
);


ALTER TABLE public.rapair_db_organization OWNER TO postgres;

--
-- TOC entry 227 (class 1259 OID 17406)
-- Name: rapair_db_organization_id_seq; Type: SEQUENCE; Schema: public; Owner: postgres
--

ALTER TABLE public.rapair_db_organization ALTER COLUMN id ADD GENERATED BY DEFAULT AS IDENTITY (
    SEQUENCE NAME public.rapair_db_organization_id_seq
    START WITH 1
    INCREMENT BY 1
    NO MINVALUE
    NO MAXVALUE
    CACHE 1
);


--
-- TOC entry 238 (class 1259 OID 17451)
-- Name: rapair_db_organizationcontact; Type: TABLE; Schema: public; Owner: postgres
--

CREATE TABLE public.rapair_db_organizationcontact (
    id integer NOT NULL,
    phone_number character varying(255) NOT NULL,
    organization_id integer NOT NULL
);


ALTER TABLE public.rapair_db_organizationcontact OWNER TO postgres;

--
-- TOC entry 237 (class 1259 OID 17450)
-- Name: rapair_db_organizationcontact_id_seq; Type: SEQUENCE; Schema: public; Owner: postgres
--

ALTER TABLE public.rapair_db_organizationcontact ALTER COLUMN id ADD GENERATED BY DEFAULT AS IDENTITY (
    SEQUENCE NAME public.rapair_db_organizationcontact_id_seq
    START WITH 1
    INCREMENT BY 1
    NO MINVALUE
    NO MAXVALUE
    CACHE 1
);


--
-- TOC entry 240 (class 1259 OID 17459)
-- Name: rapair_db_team; Type: TABLE; Schema: public; Owner: postgres
--

CREATE TABLE public.rapair_db_team (
    id integer NOT NULL,
    name character varying(255) NOT NULL,
    robot_name character varying(255) NOT NULL,
    type character varying(255) NOT NULL,
    created_at timestamp with time zone NOT NULL,
    competition_date date,
    team_leader_name character varying(255) NOT NULL,
    team_leader_email character varying(254) NOT NULL,
    team_leader_phone_number character varying(255) NOT NULL,
    score integer,
    organization_id integer,
    user_id integer NOT NULL,
    competition_id integer
);


ALTER TABLE public.rapair_db_team OWNER TO postgres;

--
-- TOC entry 239 (class 1259 OID 17458)
-- Name: rapair_db_team_id_seq; Type: SEQUENCE; Schema: public; Owner: postgres
--

ALTER TABLE public.rapair_db_team ALTER COLUMN id ADD GENERATED BY DEFAULT AS IDENTITY (
    SEQUENCE NAME public.rapair_db_team_id_seq
    START WITH 1
    INCREMENT BY 1
    NO MINVALUE
    NO MAXVALUE
    CACHE 1
);


--
-- TOC entry 242 (class 1259 OID 17477)
-- Name: rapair_db_teamcoach; Type: TABLE; Schema: public; Owner: postgres
--

CREATE TABLE public.rapair_db_teamcoach (
    id integer NOT NULL,
    name character varying(255) NOT NULL,
    email character varying(254) NOT NULL,
    phone_number character varying(255) NOT NULL,
    "position" character varying(255) NOT NULL,
    team_id integer NOT NULL
);


ALTER TABLE public.rapair_db_teamcoach OWNER TO postgres;

--
-- TOC entry 241 (class 1259 OID 17476)
-- Name: rapair_db_teamcoach_id_seq; Type: SEQUENCE; Schema: public; Owner: postgres
--

ALTER TABLE public.rapair_db_teamcoach ALTER COLUMN id ADD GENERATED BY DEFAULT AS IDENTITY (
    SEQUENCE NAME public.rapair_db_teamcoach_id_seq
    START WITH 1
    INCREMENT BY 1
    NO MINVALUE
    NO MAXVALUE
    CACHE 1
);


--
-- TOC entry 244 (class 1259 OID 17489)
-- Name: rapair_db_teamgroup; Type: TABLE; Schema: public; Owner: postgres
--

CREATE TABLE public.rapair_db_teamgroup (
    id integer NOT NULL,
    group_id integer NOT NULL,
    team_id integer NOT NULL
);


ALTER TABLE public.rapair_db_teamgroup OWNER TO postgres;

--
-- TOC entry 243 (class 1259 OID 17488)
-- Name: rapair_db_teamgroup_id_seq; Type: SEQUENCE; Schema: public; Owner: postgres
--

ALTER TABLE public.rapair_db_teamgroup ALTER COLUMN id ADD GENERATED BY DEFAULT AS IDENTITY (
    SEQUENCE NAME public.rapair_db_teamgroup_id_seq
    START WITH 1
    INCREMENT BY 1
    NO MINVALUE
    NO MAXVALUE
    CACHE 1
);


--
-- TOC entry 261 (class 1259 OID 26041)
-- Name: rapair_db_teammember; Type: TABLE; Schema: public; Owner: postgres
--

CREATE TABLE public.rapair_db_teammember (
    id integer NOT NULL,
    name character varying(255) NOT NULL,
    email character varying(254) NOT NULL,
    phone_number character varying(255) NOT NULL,
    team_id integer NOT NULL
);


ALTER TABLE public.rapair_db_teammember OWNER TO postgres;

--
-- TOC entry 260 (class 1259 OID 26040)
-- Name: rapair_db_teammember_id_seq; Type: SEQUENCE; Schema: public; Owner: postgres
--

ALTER TABLE public.rapair_db_teammember ALTER COLUMN id ADD GENERATED BY DEFAULT AS IDENTITY (
    SEQUENCE NAME public.rapair_db_teammember_id_seq
    START WITH 1
    INCREMENT BY 1
    NO MINVALUE
    NO MAXVALUE
    CACHE 1
);


--
-- TOC entry 246 (class 1259 OID 17495)
-- Name: rapair_db_teampreviouscompetition; Type: TABLE; Schema: public; Owner: postgres
--

CREATE TABLE public.rapair_db_teampreviouscompetition (
    id integer NOT NULL,
    name character varying(255) NOT NULL,
    team_id integer NOT NULL,
    year date NOT NULL
);


ALTER TABLE public.rapair_db_teampreviouscompetition OWNER TO postgres;

--
-- TOC entry 245 (class 1259 OID 17494)
-- Name: rapair_db_teampreviouscompetition_id_seq; Type: SEQUENCE; Schema: public; Owner: postgres
--

ALTER TABLE public.rapair_db_teampreviouscompetition ALTER COLUMN id ADD GENERATED BY DEFAULT AS IDENTITY (
    SEQUENCE NAME public.rapair_db_teampreviouscompetition_id_seq
    START WITH 1
    INCREMENT BY 1
    NO MINVALUE
    NO MAXVALUE
    CACHE 1
);


--
-- TOC entry 248 (class 1259 OID 17501)
-- Name: rapair_db_teamsocialmedia; Type: TABLE; Schema: public; Owner: postgres
--

CREATE TABLE public.rapair_db_teamsocialmedia (
    id integer NOT NULL,
    platform character varying(255) NOT NULL,
    url character varying(200) NOT NULL,
    team_id integer NOT NULL
);


ALTER TABLE public.rapair_db_teamsocialmedia OWNER TO postgres;

--
-- TOC entry 247 (class 1259 OID 17500)
-- Name: rapair_db_teamsocialmedia_id_seq; Type: SEQUENCE; Schema: public; Owner: postgres
--

ALTER TABLE public.rapair_db_teamsocialmedia ALTER COLUMN id ADD GENERATED BY DEFAULT AS IDENTITY (
    SEQUENCE NAME public.rapair_db_teamsocialmedia_id_seq
    START WITH 1
    INCREMENT BY 1
    NO MINVALUE
    NO MAXVALUE
    CACHE 1
);


--
-- TOC entry 250 (class 1259 OID 17507)
-- Name: rapair_db_teamsponsor; Type: TABLE; Schema: public; Owner: postgres
--

CREATE TABLE public.rapair_db_teamsponsor (
    id integer NOT NULL,
    name character varying(255) NOT NULL,
    team_id integer NOT NULL,
    email character varying(255) NOT NULL
);


ALTER TABLE public.rapair_db_teamsponsor OWNER TO postgres;

--
-- TOC entry 249 (class 1259 OID 17506)
-- Name: rapair_db_teamsponsor_id_seq; Type: SEQUENCE; Schema: public; Owner: postgres
--

ALTER TABLE public.rapair_db_teamsponsor ALTER COLUMN id ADD GENERATED BY DEFAULT AS IDENTITY (
    SEQUENCE NAME public.rapair_db_teamsponsor_id_seq
    START WITH 1
    INCREMENT BY 1
    NO MINVALUE
    NO MAXVALUE
    CACHE 1
);


--
-- TOC entry 230 (class 1259 OID 17417)
-- Name: rapair_db_user; Type: TABLE; Schema: public; Owner: postgres
--

CREATE TABLE public.rapair_db_user (
    last_login timestamp with time zone,
    is_superuser boolean NOT NULL,
    username character varying(150) NOT NULL,
    first_name character varying(150) NOT NULL,
    last_name character varying(150) NOT NULL,
    is_staff boolean NOT NULL,
    is_active boolean NOT NULL,
    date_joined timestamp with time zone NOT NULL,
    id integer NOT NULL,
    country character varying(255),
    password character varying(255) NOT NULL,
    created_at timestamp with time zone NOT NULL,
    address character varying(255),
    date_of_birth date,
    phone_number character varying(255) NOT NULL,
    email character varying(254) NOT NULL,
    google_verified boolean NOT NULL
);


ALTER TABLE public.rapair_db_user OWNER TO postgres;

--
-- TOC entry 232 (class 1259 OID 17431)
-- Name: rapair_db_user_groups; Type: TABLE; Schema: public; Owner: postgres
--

CREATE TABLE public.rapair_db_user_groups (
    id bigint NOT NULL,
    user_id integer NOT NULL,
    group_id integer NOT NULL
);


ALTER TABLE public.rapair_db_user_groups OWNER TO postgres;

--
-- TOC entry 231 (class 1259 OID 17430)
-- Name: rapair_db_user_groups_id_seq; Type: SEQUENCE; Schema: public; Owner: postgres
--

ALTER TABLE public.rapair_db_user_groups ALTER COLUMN id ADD GENERATED BY DEFAULT AS IDENTITY (
    SEQUENCE NAME public.rapair_db_user_groups_id_seq
    START WITH 1
    INCREMENT BY 1
    NO MINVALUE
    NO MAXVALUE
    CACHE 1
);


--
-- TOC entry 229 (class 1259 OID 17416)
-- Name: rapair_db_user_id_seq; Type: SEQUENCE; Schema: public; Owner: postgres
--

ALTER TABLE public.rapair_db_user ALTER COLUMN id ADD GENERATED BY DEFAULT AS IDENTITY (
    SEQUENCE NAME public.rapair_db_user_id_seq
    START WITH 1
    INCREMENT BY 1
    NO MINVALUE
    NO MAXVALUE
    CACHE 1
);


--
-- TOC entry 234 (class 1259 OID 17437)
-- Name: rapair_db_user_user_permissions; Type: TABLE; Schema: public; Owner: postgres
--

CREATE TABLE public.rapair_db_user_user_permissions (
    id bigint NOT NULL,
    user_id integer NOT NULL,
    permission_id integer NOT NULL
);


ALTER TABLE public.rapair_db_user_user_permissions OWNER TO postgres;

--
-- TOC entry 233 (class 1259 OID 17436)
-- Name: rapair_db_user_user_permissions_id_seq; Type: SEQUENCE; Schema: public; Owner: postgres
--

ALTER TABLE public.rapair_db_user_user_permissions ALTER COLUMN id ADD GENERATED BY DEFAULT AS IDENTITY (
    SEQUENCE NAME public.rapair_db_user_user_permissions_id_seq
    START WITH 1
    INCREMENT BY 1
    NO MINVALUE
    NO MAXVALUE
    CACHE 1
);


--
-- TOC entry 263 (class 1259 OID 26308)
-- Name: rapair_db_verificationcode; Type: TABLE; Schema: public; Owner: postgres
--

CREATE TABLE public.rapair_db_verificationcode (
    id integer NOT NULL,
    code character varying NOT NULL,
    created_at timestamp with time zone,
    user_id integer NOT NULL
);


ALTER TABLE public.rapair_db_verificationcode OWNER TO postgres;

--
-- TOC entry 262 (class 1259 OID 26307)
-- Name: rapair_db_verifycode_id_seq; Type: SEQUENCE; Schema: public; Owner: postgres
--

ALTER TABLE public.rapair_db_verificationcode ALTER COLUMN id ADD GENERATED BY DEFAULT AS IDENTITY (
    SEQUENCE NAME public.rapair_db_verifycode_id_seq
    START WITH 1
    INCREMENT BY 1
    NO MINVALUE
    NO MAXVALUE
    CACHE 1
);


--
-- TOC entry 265 (class 1259 OID 26327)
-- Name: social_auth_association; Type: TABLE; Schema: public; Owner: postgres
--

CREATE TABLE public.social_auth_association (
    id bigint NOT NULL,
    server_url character varying(255) NOT NULL,
    handle character varying(255) NOT NULL,
    secret character varying(255) NOT NULL,
    issued integer NOT NULL,
    lifetime integer NOT NULL,
    assoc_type character varying(64) NOT NULL
);


ALTER TABLE public.social_auth_association OWNER TO postgres;

--
-- TOC entry 264 (class 1259 OID 26326)
-- Name: social_auth_association_id_seq; Type: SEQUENCE; Schema: public; Owner: postgres
--

ALTER TABLE public.social_auth_association ALTER COLUMN id ADD GENERATED BY DEFAULT AS IDENTITY (
    SEQUENCE NAME public.social_auth_association_id_seq
    START WITH 1
    INCREMENT BY 1
    NO MINVALUE
    NO MAXVALUE
    CACHE 1
);


--
-- TOC entry 267 (class 1259 OID 26335)
-- Name: social_auth_code; Type: TABLE; Schema: public; Owner: postgres
--

CREATE TABLE public.social_auth_code (
    id bigint NOT NULL,
    email character varying(254) NOT NULL,
    code character varying(32) NOT NULL,
    verified boolean NOT NULL,
    "timestamp" timestamp with time zone NOT NULL
);


ALTER TABLE public.social_auth_code OWNER TO postgres;

--
-- TOC entry 266 (class 1259 OID 26334)
-- Name: social_auth_code_id_seq; Type: SEQUENCE; Schema: public; Owner: postgres
--

ALTER TABLE public.social_auth_code ALTER COLUMN id ADD GENERATED BY DEFAULT AS IDENTITY (
    SEQUENCE NAME public.social_auth_code_id_seq
    START WITH 1
    INCREMENT BY 1
    NO MINVALUE
    NO MAXVALUE
    CACHE 1
);


--
-- TOC entry 269 (class 1259 OID 26341)
-- Name: social_auth_nonce; Type: TABLE; Schema: public; Owner: postgres
--

CREATE TABLE public.social_auth_nonce (
    id bigint NOT NULL,
    server_url character varying(255) NOT NULL,
    "timestamp" integer NOT NULL,
    salt character varying(65) NOT NULL
);


ALTER TABLE public.social_auth_nonce OWNER TO postgres;

--
-- TOC entry 268 (class 1259 OID 26340)
-- Name: social_auth_nonce_id_seq; Type: SEQUENCE; Schema: public; Owner: postgres
--

ALTER TABLE public.social_auth_nonce ALTER COLUMN id ADD GENERATED BY DEFAULT AS IDENTITY (
    SEQUENCE NAME public.social_auth_nonce_id_seq
    START WITH 1
    INCREMENT BY 1
    NO MINVALUE
    NO MAXVALUE
    CACHE 1
);


--
-- TOC entry 273 (class 1259 OID 26373)
-- Name: social_auth_partial; Type: TABLE; Schema: public; Owner: postgres
--

CREATE TABLE public.social_auth_partial (
    id bigint NOT NULL,
    token character varying(32) NOT NULL,
    next_step smallint NOT NULL,
    backend character varying(32) NOT NULL,
    "timestamp" timestamp with time zone NOT NULL,
    data jsonb NOT NULL,
    CONSTRAINT social_auth_partial_next_step_check CHECK ((next_step >= 0))
);


ALTER TABLE public.social_auth_partial OWNER TO postgres;

--
-- TOC entry 272 (class 1259 OID 26372)
-- Name: social_auth_partial_id_seq; Type: SEQUENCE; Schema: public; Owner: postgres
--

ALTER TABLE public.social_auth_partial ALTER COLUMN id ADD GENERATED BY DEFAULT AS IDENTITY (
    SEQUENCE NAME public.social_auth_partial_id_seq
    START WITH 1
    INCREMENT BY 1
    NO MINVALUE
    NO MAXVALUE
    CACHE 1
);


--
-- TOC entry 271 (class 1259 OID 26347)
-- Name: social_auth_usersocialauth; Type: TABLE; Schema: public; Owner: postgres
--

CREATE TABLE public.social_auth_usersocialauth (
    id bigint NOT NULL,
    provider character varying(32) NOT NULL,
    uid character varying(255) NOT NULL,
    user_id integer NOT NULL,
    created timestamp with time zone NOT NULL,
    modified timestamp with time zone NOT NULL,
    extra_data jsonb NOT NULL
);


ALTER TABLE public.social_auth_usersocialauth OWNER TO postgres;

--
-- TOC entry 270 (class 1259 OID 26346)
-- Name: social_auth_usersocialauth_id_seq; Type: SEQUENCE; Schema: public; Owner: postgres
--

ALTER TABLE public.social_auth_usersocialauth ALTER COLUMN id ADD GENERATED BY DEFAULT AS IDENTITY (
    SEQUENCE NAME public.social_auth_usersocialauth_id_seq
    START WITH 1
    INCREMENT BY 1
    NO MINVALUE
    NO MAXVALUE
    CACHE 1
);


--
-- TOC entry 255 (class 1259 OID 17649)
-- Name: token_blacklist_blacklistedtoken; Type: TABLE; Schema: public; Owner: postgres
--

CREATE TABLE public.token_blacklist_blacklistedtoken (
    id bigint NOT NULL,
    blacklisted_at timestamp with time zone NOT NULL,
    token_id bigint NOT NULL
);


ALTER TABLE public.token_blacklist_blacklistedtoken OWNER TO postgres;

--
-- TOC entry 254 (class 1259 OID 17648)
-- Name: token_blacklist_blacklistedtoken_id_seq; Type: SEQUENCE; Schema: public; Owner: postgres
--

ALTER TABLE public.token_blacklist_blacklistedtoken ALTER COLUMN id ADD GENERATED BY DEFAULT AS IDENTITY (
    SEQUENCE NAME public.token_blacklist_blacklistedtoken_id_seq
    START WITH 1
    INCREMENT BY 1
    NO MINVALUE
    NO MAXVALUE
    CACHE 1
);


--
-- TOC entry 257 (class 1259 OID 17655)
-- Name: token_blacklist_outstandingtoken; Type: TABLE; Schema: public; Owner: postgres
--

CREATE TABLE public.token_blacklist_outstandingtoken (
    id bigint NOT NULL,
    token text NOT NULL,
    created_at timestamp with time zone,
    expires_at timestamp with time zone NOT NULL,
    user_id integer,
    jti character varying(255) NOT NULL
);


ALTER TABLE public.token_blacklist_outstandingtoken OWNER TO postgres;

--
-- TOC entry 256 (class 1259 OID 17654)
-- Name: token_blacklist_outstandingtoken_id_seq; Type: SEQUENCE; Schema: public; Owner: postgres
--

ALTER TABLE public.token_blacklist_outstandingtoken ALTER COLUMN id ADD GENERATED BY DEFAULT AS IDENTITY (
    SEQUENCE NAME public.token_blacklist_outstandingtoken_id_seq
    START WITH 1
    INCREMENT BY 1
    NO MINVALUE
    NO MAXVALUE
    CACHE 1
);


--
-- TOC entry 3731 (class 0 OID 17358)
-- Dependencies: 222
-- Data for Name: auth_group; Type: TABLE DATA; Schema: public; Owner: postgres
--

COPY public.auth_group (id, name) FROM stdin;
\.


--
-- TOC entry 3733 (class 0 OID 17366)
-- Dependencies: 224
-- Data for Name: auth_group_permissions; Type: TABLE DATA; Schema: public; Owner: postgres
--

COPY public.auth_group_permissions (id, group_id, permission_id) FROM stdin;
\.


--
-- TOC entry 3729 (class 0 OID 17352)
-- Dependencies: 220
-- Data for Name: auth_permission; Type: TABLE DATA; Schema: public; Owner: postgres
--

COPY public.auth_permission (id, name, content_type_id, codename) FROM stdin;
1	Can add log entry	1	add_logentry
2	Can change log entry	1	change_logentry
3	Can delete log entry	1	delete_logentry
4	Can view log entry	1	view_logentry
5	Can add permission	2	add_permission
6	Can change permission	2	change_permission
7	Can delete permission	2	delete_permission
8	Can view permission	2	view_permission
9	Can add group	3	add_group
10	Can change group	3	change_group
11	Can delete group	3	delete_group
12	Can view group	3	view_group
13	Can add content type	4	add_contenttype
14	Can change content type	4	change_contenttype
15	Can delete content type	4	delete_contenttype
16	Can view content type	4	view_contenttype
17	Can add session	5	add_session
18	Can change session	5	change_session
19	Can delete session	5	delete_session
20	Can view session	5	view_session
21	Can add competition group	6	add_competitiongroup
22	Can change competition group	6	change_competitiongroup
23	Can delete competition group	6	delete_competitiongroup
24	Can view competition group	6	view_competitiongroup
25	Can add organization	7	add_organization
26	Can change organization	7	change_organization
27	Can delete organization	7	delete_organization
28	Can view organization	7	view_organization
29	Can add user	8	add_user
30	Can change user	8	change_user
31	Can delete user	8	delete_user
32	Can view user	8	view_user
33	Can add judge user	9	add_judgeuser
34	Can change judge user	9	change_judgeuser
35	Can delete judge user	9	delete_judgeuser
36	Can view judge user	9	view_judgeuser
37	Can add organization contact	10	add_organizationcontact
38	Can change organization contact	10	change_organizationcontact
39	Can delete organization contact	10	delete_organizationcontact
40	Can view organization contact	10	view_organizationcontact
41	Can add team	11	add_team
42	Can change team	11	change_team
43	Can delete team	11	delete_team
44	Can view team	11	view_team
45	Can add team coach	12	add_teamcoach
46	Can change team coach	12	change_teamcoach
47	Can delete team coach	12	delete_teamcoach
48	Can view team coach	12	view_teamcoach
49	Can add team group	13	add_teamgroup
50	Can change team group	13	change_teamgroup
51	Can delete team group	13	delete_teamgroup
52	Can view team group	13	view_teamgroup
53	Can add team previous competition	14	add_teampreviouscompetition
54	Can change team previous competition	14	change_teampreviouscompetition
55	Can delete team previous competition	14	delete_teampreviouscompetition
56	Can view team previous competition	14	view_teampreviouscompetition
57	Can add team social media	15	add_teamsocialmedia
58	Can change team social media	15	change_teamsocialmedia
59	Can delete team social media	15	delete_teamsocialmedia
60	Can view team social media	15	view_teamsocialmedia
61	Can add team sponsor	16	add_teamsponsor
62	Can change team sponsor	16	change_teamsponsor
63	Can delete team sponsor	16	delete_teamsponsor
64	Can view team sponsor	16	view_teamsponsor
65	Can add blacklisted token	17	add_blacklistedtoken
66	Can change blacklisted token	17	change_blacklistedtoken
67	Can delete blacklisted token	17	delete_blacklistedtoken
68	Can view blacklisted token	17	view_blacklistedtoken
69	Can add outstanding token	18	add_outstandingtoken
70	Can change outstanding token	18	change_outstandingtoken
71	Can delete outstanding token	18	delete_outstandingtoken
72	Can view outstanding token	18	view_outstandingtoken
73	Can add competition	19	add_competition
74	Can change competition	19	change_competition
75	Can delete competition	19	delete_competition
76	Can view competition	19	view_competition
77	Can add team member	20	add_teammember
78	Can change team member	20	change_teammember
79	Can delete team member	20	delete_teammember
80	Can view team member	20	view_teammember
81	Can add verify code	21	add_verifycode
82	Can change verify code	21	change_verifycode
83	Can delete verify code	21	delete_verifycode
84	Can view verify code	21	view_verifycode
85	Can add verification code	21	add_verificationcode
86	Can change verification code	21	change_verificationcode
87	Can delete verification code	21	delete_verificationcode
88	Can view verification code	21	view_verificationcode
89	Can add association	22	add_association
90	Can change association	22	change_association
91	Can delete association	22	delete_association
92	Can view association	22	view_association
93	Can add code	23	add_code
94	Can change code	23	change_code
95	Can delete code	23	delete_code
96	Can view code	23	view_code
97	Can add nonce	24	add_nonce
98	Can change nonce	24	change_nonce
99	Can delete nonce	24	delete_nonce
100	Can view nonce	24	view_nonce
101	Can add user social auth	25	add_usersocialauth
102	Can change user social auth	25	change_usersocialauth
103	Can delete user social auth	25	delete_usersocialauth
104	Can view user social auth	25	view_usersocialauth
105	Can add partial	26	add_partial
106	Can change partial	26	change_partial
107	Can delete partial	26	delete_partial
108	Can view partial	26	view_partial
\.


--
-- TOC entry 3761 (class 0 OID 17618)
-- Dependencies: 252
-- Data for Name: django_admin_log; Type: TABLE DATA; Schema: public; Owner: postgres
--

COPY public.django_admin_log (id, action_time, object_id, object_repr, action_flag, change_message, content_type_id, user_id) FROM stdin;
1	2024-12-29 18:08:42.781929+02	1	VEX_IQ	1	[{"added": {}}]	19	1
2	2024-12-29 18:09:10.476576+02	10	crocoo	2	[{"changed": {"fields": ["Competition"]}}]	11	1
3	2024-12-29 18:09:13.757552+02	10	crocoo	2	[]	11	1
\.


--
-- TOC entry 3727 (class 0 OID 17344)
-- Dependencies: 218
-- Data for Name: django_content_type; Type: TABLE DATA; Schema: public; Owner: postgres
--

COPY public.django_content_type (id, app_label, model) FROM stdin;
1	admin	logentry
2	auth	permission
3	auth	group
4	contenttypes	contenttype
5	sessions	session
6	rapair_db	competitiongroup
7	rapair_db	organization
8	rapair_db	user
9	rapair_db	judgeuser
10	rapair_db	organizationcontact
11	rapair_db	team
12	rapair_db	teamcoach
13	rapair_db	teamgroup
14	rapair_db	teampreviouscompetition
15	rapair_db	teamsocialmedia
16	rapair_db	teamsponsor
17	token_blacklist	blacklistedtoken
18	token_blacklist	outstandingtoken
19	rapair_db	competition
20	rapair_db	teammember
21	rapair_db	verificationcode
22	social_django	association
23	social_django	code
24	social_django	nonce
25	social_django	usersocialauth
26	social_django	partial
\.


--
-- TOC entry 3725 (class 0 OID 17336)
-- Dependencies: 216
-- Data for Name: django_migrations; Type: TABLE DATA; Schema: public; Owner: postgres
--

COPY public.django_migrations (id, app, name, applied) FROM stdin;
1	contenttypes	0001_initial	2024-12-24 16:50:23.981647+02
2	contenttypes	0002_remove_content_type_name	2024-12-24 16:50:23.985905+02
3	auth	0001_initial	2024-12-24 16:50:24.012425+02
4	auth	0002_alter_permission_name_max_length	2024-12-24 16:50:24.015831+02
5	auth	0003_alter_user_email_max_length	2024-12-24 16:50:24.019505+02
6	auth	0004_alter_user_username_opts	2024-12-24 16:50:24.024007+02
7	auth	0005_alter_user_last_login_null	2024-12-24 16:50:24.038634+02
8	auth	0006_require_contenttypes_0002	2024-12-24 16:50:24.039782+02
9	auth	0007_alter_validators_add_error_messages	2024-12-24 16:50:24.043268+02
10	auth	0008_alter_user_username_max_length	2024-12-24 16:50:24.046978+02
11	auth	0009_alter_user_last_name_max_length	2024-12-24 16:50:24.050783+02
12	auth	0010_alter_group_name_max_length	2024-12-24 16:50:24.056198+02
13	auth	0011_update_proxy_permissions	2024-12-24 16:50:24.05997+02
14	auth	0012_alter_user_first_name_max_length	2024-12-24 16:50:24.064637+02
15	rapair_db	0001_initial	2024-12-24 16:50:24.219807+02
16	admin	0001_initial	2024-12-24 16:50:24.238656+02
17	admin	0002_logentry_remove_auto_add	2024-12-24 16:50:24.244817+02
18	admin	0003_logentry_add_action_flag_choices	2024-12-24 16:50:24.251393+02
19	sessions	0001_initial	2024-12-24 16:50:24.260449+02
20	token_blacklist	0001_initial	2024-12-24 17:36:08.352115+02
21	token_blacklist	0002_outstandingtoken_jti_hex	2024-12-24 17:36:08.359588+02
22	token_blacklist	0003_auto_20171017_2007	2024-12-24 17:36:08.3716+02
23	token_blacklist	0004_auto_20171017_2013	2024-12-24 17:36:08.382831+02
24	token_blacklist	0005_remove_outstandingtoken_jti	2024-12-24 17:36:08.390421+02
25	token_blacklist	0006_auto_20171017_2113	2024-12-24 17:36:08.397951+02
26	token_blacklist	0007_auto_20171017_2214	2024-12-24 17:36:08.418891+02
27	token_blacklist	0008_migrate_to_bigautofield	2024-12-24 17:36:08.454983+02
28	token_blacklist	0010_fix_migrate_to_bigautofield	2024-12-24 17:36:08.469073+02
29	token_blacklist	0011_linearizes_history	2024-12-24 17:36:08.470487+02
30	token_blacklist	0012_alter_outstandingtoken_user	2024-12-24 17:36:08.480401+02
31	rapair_db	0002_remove_team_number	2024-12-25 16:51:36.588221+02
32	rapair_db	0003_rename_organization_id_team_organization_and_more	2024-12-25 17:01:32.463062+02
33	rapair_db	0004_rename_organization_id_organizationcontact_organization	2024-12-25 18:28:40.264768+02
34	rapair_db	0005_organization_email	2024-12-25 18:33:21.230313+02
35	rapair_db	0006_alter_team_organization	2024-12-29 17:52:47.812361+02
36	rapair_db	0007_competition_team_competition	2024-12-29 18:06:06.139831+02
37	rapair_db	0008_rename_team_id_teamcoach_team_and_more	2024-12-31 14:16:40.275521+02
38	rapair_db	0009_alter_teamcoach_coach_position	2024-12-31 14:19:11.766333+02
39	rapair_db	0010_alter_teamsocialmedia_social_media_platform	2024-12-31 14:21:52.812512+02
40	rapair_db	0011_remove_teamcoach_unique_coach_and_more	2024-12-31 14:32:39.511101+02
41	rapair_db	0012_remove_teampreviouscompetition_unique_competition_and_more	2024-12-31 14:32:46.51463+02
42	rapair_db	0013_teampreviouscompetition_year_teamsponsor_email	2024-12-31 15:34:53.074933+02
43	rapair_db	0014_alter_organizationcontact_organization	2024-12-31 17:51:22.197319+02
44	rapair_db	0015_alter_teamcoach_team_and_more	2024-12-31 18:39:44.079745+02
45	rapair_db	0016_alter_teampreviouscompetition_name	2025-01-01 13:38:56.751167+02
46	rapair_db	0017_alter_teampreviouscompetition_year_and_more	2025-01-01 15:48:28.31787+02
47	rapair_db	0018_alter_teampreviouscompetition_year_teammember	2025-01-01 15:59:27.986349+02
48	rapair_db	0019_alter_organizationcontact_phone_number_and_more	2025-01-01 16:59:54.914819+02
49	rapair_db	0020_alter_organizationcontact_phone_number_and_more	2025-01-06 13:55:51.453412+02
50	rapair_db	0021_rename_verifycode_verificationcode	2025-01-06 13:58:04.981691+02
51	default	0001_initial	2025-01-06 16:48:46.666326+02
52	social_auth	0001_initial	2025-01-06 16:48:46.667429+02
53	default	0002_add_related_name	2025-01-06 16:48:46.679494+02
54	social_auth	0002_add_related_name	2025-01-06 16:48:46.679986+02
55	default	0003_alter_email_max_length	2025-01-06 16:48:46.683841+02
56	social_auth	0003_alter_email_max_length	2025-01-06 16:48:46.684267+02
57	default	0004_auto_20160423_0400	2025-01-06 16:48:46.691805+02
58	social_auth	0004_auto_20160423_0400	2025-01-06 16:48:46.692489+02
59	social_auth	0005_auto_20160727_2333	2025-01-06 16:48:46.697043+02
60	social_django	0006_partial	2025-01-06 16:48:46.706996+02
61	social_django	0007_code_timestamp	2025-01-06 16:48:46.712108+02
62	social_django	0008_partial_timestamp	2025-01-06 16:48:46.717722+02
63	social_django	0009_auto_20191118_0520	2025-01-06 16:48:46.733864+02
64	social_django	0010_uid_db_index	2025-01-06 16:48:46.744706+02
65	social_django	0011_alter_id_fields	2025-01-06 16:48:46.798364+02
66	social_django	0012_usersocialauth_extra_data_new	2025-01-06 16:48:46.827229+02
67	social_django	0013_migrate_extra_data	2025-01-06 16:48:46.856435+02
68	social_django	0014_remove_usersocialauth_extra_data	2025-01-06 16:48:46.8665+02
69	social_django	0015_rename_extra_data_new_usersocialauth_extra_data	2025-01-06 16:48:46.876377+02
70	social_django	0016_alter_usersocialauth_extra_data	2025-01-06 16:48:46.884342+02
71	social_django	0004_auto_20160423_0400	2025-01-06 16:48:46.886701+02
72	social_django	0005_auto_20160727_2333	2025-01-06 16:48:46.889498+02
73	social_django	0002_add_related_name	2025-01-06 16:48:46.890983+02
74	social_django	0001_initial	2025-01-06 16:48:46.892354+02
75	social_django	0003_alter_email_max_length	2025-01-06 16:48:46.89372+02
76	rapair_db	0022_user_google_verified	2025-01-06 16:51:34.415825+02
\.


--
-- TOC entry 3762 (class 0 OID 17638)
-- Dependencies: 253
-- Data for Name: django_session; Type: TABLE DATA; Schema: public; Owner: postgres
--

COPY public.django_session (session_key, session_data, expire_date) FROM stdin;
tvfepy4ygur0aawq4eetqvlh1yo7g262	.eJxVjMEOwiAQRP-FsyECBYpH734D2V0WqRpISnsy_rtt0oOeJpn3Zt4iwrqUuHae45TERShx-u0Q6Ml1B-kB9d4ktbrME8pdkQft8tYSv66H-3dQoJdtTSMlCGedt2Q9Zo8mc2algxnI5xCcU-QxW5uMsp7IIpIFFYAHhxzE5wsRfTkL:1tU7TO:_ZO3HWERUCNIdhODSdLm7tKMc8L0DpDcYRlCrAXdnEA	2025-01-18 18:58:02.302184+02
\.


--
-- TOC entry 3768 (class 0 OID 25976)
-- Dependencies: 259
-- Data for Name: rapair_db_competition; Type: TABLE DATA; Schema: public; Owner: postgres
--

COPY public.rapair_db_competition (id, name, start_date, end_date, location, type, created_at, description, rules, prize_distribution) FROM stdin;
1	VEX_IQ	2025-02-01	2025-03-01	Alexandria	Robot	2024-12-29 18:08:42.781193+02	Robots	1	1
\.


--
-- TOC entry 3735 (class 0 OID 17398)
-- Dependencies: 226
-- Data for Name: rapair_db_competitiongroup; Type: TABLE DATA; Schema: public; Owner: postgres
--

COPY public.rapair_db_competitiongroup (id, name, score, created_at, competition_time) FROM stdin;
\.


--
-- TOC entry 3745 (class 0 OID 17443)
-- Dependencies: 236
-- Data for Name: rapair_db_judgeuser; Type: TABLE DATA; Schema: public; Owner: postgres
--

COPY public.rapair_db_judgeuser (id, group_id, user_id) FROM stdin;
1	\N	20
3	\N	21
4	\N	22
5	\N	23
6	\N	24
7	\N	36
\.


--
-- TOC entry 3737 (class 0 OID 17407)
-- Dependencies: 228
-- Data for Name: rapair_db_organization; Type: TABLE DATA; Schema: public; Owner: postgres
--

COPY public.rapair_db_organization (id, name, address, type, email) FROM stdin;
1	eme	borg	non-profite	org@org.com
3	rpair	smouha	non-profite	rpair@gmail.com
4	rpai1r	smouha	non-profite	rpa1ir@gmail.com
5	Newemee	borg	non-profite	Newoerg@org.com
9	emee	borg	non-profite	oerg@org.com
10	rpai12r	smouha	non-profite	rpa12ir@gmail.com
11	rpai123r	smouha	non-profite	rpa123ir@gmail.com
12	rpai1234r	smouha	non-profite	rpa1234ir@gmail.com
13	rpai12345r	smouha	non-profite	rpa12345ir@gmail.com
14	rpai123456r	smouha	non-profite	rpa123456ir@gmail.com
15	rpai1234567r	smouha	non-profite	rpa1234567ir@gmail.com
16	rpai12345678r	smouha	non-profite	rpa12345678ir@gmail.com
17	rpai123456789r	smouha	non-profite	rpa123456789ir@gmail.com
18	rpai123456789	smouha	non-profite	rpa123456789i@gmail.com
19	rpa	smouha	non-profite	rpa@gmail.com
20	rp	smouha	non-profite	rp@gmail.com
21	r	smouha	non-profite	r@gmail.com
22	r1	smouha	non-profite	r1@gmail.com
23	r12	smouha	non-profite	r12@gmail.com
24	r132	smouha	non-profite	r132@gmail.com
\.


--
-- TOC entry 3747 (class 0 OID 17451)
-- Dependencies: 238
-- Data for Name: rapair_db_organizationcontact; Type: TABLE DATA; Schema: public; Owner: postgres
--

COPY public.rapair_db_organizationcontact (id, phone_number, organization_id) FROM stdin;
3	12311231312	4
4	1232010123	5
8	123010123	9
9	1231123221312	10
10	1231132131231312	10
11	12313123221312	11
12	12313132131231312	11
13	123134123221312	12
14	123131342131231312	12
15	123213137491612	24
16	1231233181523312	24
\.


--
-- TOC entry 3749 (class 0 OID 17459)
-- Dependencies: 240
-- Data for Name: rapair_db_team; Type: TABLE DATA; Schema: public; Owner: postgres
--

COPY public.rapair_db_team (id, name, robot_name, type, created_at, competition_date, team_leader_name, team_leader_email, team_leader_phone_number, score, organization_id, user_id, competition_id) FROM stdin;
10	crocoo	caoiman	non-profite	2024-12-29 17:51:50.683424+02	\N	neklawii	neklawio@gmail.com	0123182312	\N	5	25	1
11	Newcrocoo	NEWcaoiman	non-profite	2024-12-29 18:34:30.904758+02	\N	neklawii	NEWneklawio@gmail.com	01231282312	\N	9	25	1
12	New12crocoo	NEW12caoiman	non-profite	2025-01-01 15:37:21.386932+02	\N	neklawii2	NEWneklawio12@gmail.com	0123121282312	\N	9	25	1
13	New123crocoo	NEW123caoiman	non-profite	2025-01-01 15:40:50.619327+02	\N	neklawii23	NEWneklawio123@gmail.com	01231213282312	\N	9	25	1
\.


--
-- TOC entry 3751 (class 0 OID 17477)
-- Dependencies: 242
-- Data for Name: rapair_db_teamcoach; Type: TABLE DATA; Schema: public; Owner: postgres
--

COPY public.rapair_db_teamcoach (id, name, email, phone_number, "position", team_id) FROM stdin;
1	neee	dsfsd@gmail.com	32432141	primary	13
2	neee1	d1sfsd@gmail.com	324132141	primary	13
\.


--
-- TOC entry 3753 (class 0 OID 17489)
-- Dependencies: 244
-- Data for Name: rapair_db_teamgroup; Type: TABLE DATA; Schema: public; Owner: postgres
--

COPY public.rapair_db_teamgroup (id, group_id, team_id) FROM stdin;
\.


--
-- TOC entry 3770 (class 0 OID 26041)
-- Dependencies: 261
-- Data for Name: rapair_db_teammember; Type: TABLE DATA; Schema: public; Owner: postgres
--

COPY public.rapair_db_teammember (id, name, email, phone_number, team_id) FROM stdin;
\.


--
-- TOC entry 3755 (class 0 OID 17495)
-- Dependencies: 246
-- Data for Name: rapair_db_teampreviouscompetition; Type: TABLE DATA; Schema: public; Owner: postgres
--

COPY public.rapair_db_teampreviouscompetition (id, name, team_id, year) FROM stdin;
1	ROV	13	2020-11-20
2	ROBOCUP	13	2020-11-20
\.


--
-- TOC entry 3757 (class 0 OID 17501)
-- Dependencies: 248
-- Data for Name: rapair_db_teamsocialmedia; Type: TABLE DATA; Schema: public; Owner: postgres
--

COPY public.rapair_db_teamsocialmedia (id, platform, url, team_id) FROM stdin;
1	facebook	http://www.ex2ample.com	13
2	instagram	https://www.ex2ample.com	13
\.


--
-- TOC entry 3759 (class 0 OID 17507)
-- Dependencies: 250
-- Data for Name: rapair_db_teamsponsor; Type: TABLE DATA; Schema: public; Owner: postgres
--

COPY public.rapair_db_teamsponsor (id, name, team_id, email) FROM stdin;
1	coca	13	coca@gmail.com
2	pepsi	13	pepsi@gmail.com
\.


--
-- TOC entry 3739 (class 0 OID 17417)
-- Dependencies: 230
-- Data for Name: rapair_db_user; Type: TABLE DATA; Schema: public; Owner: postgres
--

COPY public.rapair_db_user (last_login, is_superuser, username, first_name, last_name, is_staff, is_active, date_joined, id, country, password, created_at, address, date_of_birth, phone_number, email, google_verified) FROM stdin;
\N	f	neklaJudge	Ahmed	ElNeklawi	t	t	2024-12-25 15:56:37.715458+02	23	egypt	pbkdf2_sha256$870000$k6MvT9TyTdlUCbZ5oH0953$SOul5AAl9wmpAIPRELzUm/6XE2KbESdoCyeJFuqXgb8=	2024-12-25 15:56:38.198161+02	elseyouf	2000-10-20	012782	neklaJudge@repair.judge.com	f
2024-12-24 18:04:01.97283+02	t	neklawii	ahmed	mohamed	t	t	2024-12-24 18:03:18.215119+02	1	egypt	pbkdf2_sha256$870000$dcqrAWGV0X0S7ZMzoq68Um$WPdMGcI+qi+RO0G0GiU7FQWu7FubD9RCBZoLqXse6+I=	2024-12-24 18:03:18.662292+02	seyouf	2000-12-11	0100	neklawii@admin.com	f
\N	t	neklawi	ahmed	mohamed	t	t	2024-12-25 13:29:05.853735+02	3	egypt	pbkdf2_sha256$870000$zzvU41PMr1XM8tDZJZOO97$wEhOtbqGd8HWq/d9JWJ0w+9ptW5/Jk51HrMUtroQHmA=	2024-12-25 13:29:06.313127+02	seyouf	2000-12-12	01001	neklawi@admin.com	f
\N	f	judge	Ahmed	ElNeklawi	t	t	2024-12-25 16:23:00.781295+02	24	egypt	pbkdf2_sha256$870000$z053gwYzFsMOu7igTiPzmE$EkIzc7VWBtEiBc8ThS1RLlSa7qYXjdgFo1tHn9cPomw=	2024-12-25 16:23:01.310132+02	elseyouf	2000-10-20	0127882	judge@repair.judge.com	f
\N	f	nek2222222a	Ahmed	ElNeklawi	t	t	2024-12-25 14:22:30.501389+02	20	egypt	pbkdf2_sha256$870000$MCd6VuVW2ap5wK8PXKxhYM$ulr1iVhjEI3Enzj+qkIlrc65yYU8ADdrA4ZjpsykfsY=	2024-12-25 14:22:30.969354+02	elseyouf	2000-10-20	012222222222	nekaw2222222i@repair.judge.com	f
\N	f	nek22222222a	Ahmed	ElNeklawi	t	t	2024-12-25 14:23:29.67111+02	21	egypt	pbkdf2_sha256$870000$U4CwgjKAUonawKn4BDKcjN$zwILyl84VLyKIlZ0rSZIE1pWCEc2wgzzKqt/sGATlr8=	2024-12-25 14:23:30.151492+02	elseyouf	2000-10-20	0122222222222	nekaw22222222i@repair.judge.com	f
2024-12-25 15:33:08.916004+02	f	neklawiJudge	Ahmed	ElNeklawi	t	t	2024-12-25 14:26:07.545712+02	22	egypt	pbkdf2_sha256$870000$8UmCPxKBckkN9NzpwQP60V$pW5wIV5E2NSiag1JwaeEhqLQ3FTvIhe+kfhcr7Cj6IQ=	2024-12-25 14:26:08.165558+02	elseyouf	2000-10-20	0127822	neklawiJudge@repair.judge.com	f
\N	f	newuser	Ahmed	ElNeklawi	f	t	2024-12-28 10:08:12.136181+02	26	egypt	pbkdf2_sha256$870000$5NhbMc6yqXqS8HPtz6qg89$Fk0NI4m+Zlq0XjIWimkvQKPRcLX/163t8ab66cPmSvA=	2024-12-28 10:08:12.643864+02	elseyouf	2000-10-20	018282	newuser@gmail.com	f
\N	f	newwuser	Ahmed	ElNeklawi	f	t	2024-12-28 10:15:26.861684+02	27	egypt	pbkdf2_sha256$870000$bqVNpuGQbSVdW0NrXPUGxv$NXV//6jMaEy7do0h84qpFV7jsFjAmqj66boWKWsA5o8=	2024-12-28 10:15:27.332678+02	elseyouf	2000-10-20	0182282	newwuser@gmail.com	f
\N	f	newwwuser	Ahmed	ElNeklawi	f	t	2024-12-28 10:22:59.915962+02	28	egypt	pbkdf2_sha256$870000$oQYD1USUL8VEHPg3tUO0Jv$ffNkAEiA6f4Pxd0sUo4mmw8XrYu//fOlOwvDZurywh8=	2024-12-28 10:23:00.392722+02	elseyouf	2000-10-20	0282	newwwuser@gmail.com	f
\N	f	password	Ahmed	ElNeklawi	f	t	2024-12-28 10:26:52.219333+02	29	egypt	pbkdf2_sha256$870000$NmrizEnpICn1hLh2Sm2X1n$RNNjXZUQz4I0mzxnZ98ERuMP+//GGjb7Z1a4dHgeWBw=	2024-12-28 10:26:52.689901+02	elseyouf	2000-10-20	02882	password@gmail.com	f
\N	f	password1	Ahmed	ElNeklawi	f	t	2024-12-28 10:27:51.514886+02	30	egypt	pbkdf2_sha256$870000$oT1OuwRsst6eZRJgLspFYu$V3TuwKKkdUAKdCywns2gYzXClJjILMNS9V4CL0W0GB4=	2024-12-28 10:27:51.98406+02	elseyouf	2000-10-20	028812	password1@gmail.com	f
\N	f	password12	Ahmed	ElNeklawi	f	t	2024-12-28 10:31:45.075553+02	31	egypt	pbkdf2_sha256$870000$bmY3JkRJUYzGHa2G1wHX6K$reNPtCZlqataL0ay3R7dyILeIwRWZ3vvhWLv4jw/P5A=	2024-12-28 10:31:45.537831+02	elseyouf	2000-10-20	0282812	password12@gmail.com	f
\N	f	password123	Ahmed	ElNeklawi	f	t	2024-12-28 10:49:12.848938+02	32	egypt	pbkdf2_sha256$870000$aoBdJosldKxBD5D4DxW9g6$6DfaBzVnmBpoy8NtGE0XQcQKiZbXfrKJYkov+NMEwJE=	2024-12-28 10:49:13.312875+02	elseyouf	2000-10-20	02823812	password123@gmail.com	f
\N	f	password1234	Ahmed	ElNeklawi	f	t	2024-12-28 10:51:45.691363+02	33	egypt	pbkdf2_sha256$870000$E71qUnY1KOqwkz3uDbX61N$Z2sWJleRmnd0WReKkw0SNzwpZuuj54jXen83/Jyr598=	2024-12-28 10:51:46.196121+02	elseyouf	2000-10-20	028423812	password1234@gmail.com	f
\N	f	password12345	Ahmed	ElNeklawi	f	t	2024-12-28 10:52:37.743284+02	34	egypt	pbkdf2_sha256$870000$kkcHDFPpP1T84EXdJUy8OK$fCwN0Am+EAPVMTW5Jk5JzT8RVGqS9MqySMFwhdmBvg8=	2024-12-28 10:52:38.231759+02	elseyouf	2000-10-20	028523812	password12345@gmail.com	f
\N	f	password123455	Ahmed	ElNeklawi	f	t	2024-12-28 10:53:58.951439+02	35	egypt	pbkdf2_sha256$870000$kkWsjkYFanNPLQSVB9AFXq$BQizasjqf00ohyZ+o3b9m/gCD8x+RK+PXabZg3+IP0Q=	2024-12-28 10:53:59.430742+02	elseyouf	2000-10-20	0285253812	password123455@gmail.com	f
\N	f	user	neklawi	ElNeklawi	f	t	2024-12-25 16:26:08.645195+02	25	egypt	pbkdf2_sha256$870000$wlj1xtPh2N0fWbZOGrvBib$H+K0Y1wblyNd9dSeq4f0derwnF/DdwcLhu6+3iaxiaQ=	2024-12-25 16:26:09.112238+02	elseyouf	2000-10-20	01882	user@gmail.com	f
\N	f	newjudge	Ahmed	ElNeklawi	t	t	2024-12-29 14:09:35.718276+02	36	egypt	pbkdf2_sha256$870000$wNLKxAKSLkbg50y4twsyTL$7B8e+51djpCz5BGraTnGFLAC5R5H0w0R9vnpQddPpks=	2024-12-29 14:09:36.175466+02	elseyouf	2000-10-20	01272882	newjudge@repair.judge.com	f
\N	f	newNekalwi	Ahmed	ElNeklawi	f	t	2024-12-29 14:11:11.317821+02	37	egypt	pbkdf2_sha256$870000$1qgIt5DInKBF0Y2XHMWxaz$qYjc4PZVC3GKcsNqbQajYM33eTbJBs58k4ZsIj7FIw8=	2024-12-29 14:11:11.793102+02	elseyouf	2000-10-20	02852531812	newNekalwi@gmail.com	f
\N	f	CrocoMarine	CrocoMarine	robot	f	t	2025-01-07 17:11:42.672844+02	40	egypt		2025-01-07 17:11:42.673139+02	elseyouf	2000-11-11		crocomarine@gmail.com	t
\N	f	newNekalwi11	Ahmed	ElNeklawi	f	t	2025-01-08 14:20:04.837986+02	41	egypt	pbkdf2_sha256$870000$8dF7Op41jWiZyWGdt5NFMy$emlnmyRYb9dnKKKDoXKTloRz5Vkqn5ntr+UrkETQshc=	2025-01-08 14:20:05.295275+02	elseyouf	2000-10-20	+201002970761	am85364961@gmail.com	f
\N	f	newNekalwi1	Ahmed	ElNeklawi	f	t	2025-01-06 13:47:47.334029+02	39	egypt	pbkdf2_sha256$870000$Avankta4IWHfDDfTxsvzgj$e3Rk9OnL2ydii/Dk4+Fg55R7SsRQzQt2QJh3r/pNI9E=	2025-01-06 13:47:47.880419+02	elseyouf	2000-10-20	+201002970764	am8536496@gmail.com	f
\.


--
-- TOC entry 3741 (class 0 OID 17431)
-- Dependencies: 232
-- Data for Name: rapair_db_user_groups; Type: TABLE DATA; Schema: public; Owner: postgres
--

COPY public.rapair_db_user_groups (id, user_id, group_id) FROM stdin;
\.


--
-- TOC entry 3743 (class 0 OID 17437)
-- Dependencies: 234
-- Data for Name: rapair_db_user_user_permissions; Type: TABLE DATA; Schema: public; Owner: postgres
--

COPY public.rapair_db_user_user_permissions (id, user_id, permission_id) FROM stdin;
\.


--
-- TOC entry 3772 (class 0 OID 26308)
-- Dependencies: 263
-- Data for Name: rapair_db_verificationcode; Type: TABLE DATA; Schema: public; Owner: postgres
--

COPY public.rapair_db_verificationcode (id, code, created_at, user_id) FROM stdin;
\.


--
-- TOC entry 3774 (class 0 OID 26327)
-- Dependencies: 265
-- Data for Name: social_auth_association; Type: TABLE DATA; Schema: public; Owner: postgres
--

COPY public.social_auth_association (id, server_url, handle, secret, issued, lifetime, assoc_type) FROM stdin;
\.


--
-- TOC entry 3776 (class 0 OID 26335)
-- Dependencies: 267
-- Data for Name: social_auth_code; Type: TABLE DATA; Schema: public; Owner: postgres
--

COPY public.social_auth_code (id, email, code, verified, "timestamp") FROM stdin;
\.


--
-- TOC entry 3778 (class 0 OID 26341)
-- Dependencies: 269
-- Data for Name: social_auth_nonce; Type: TABLE DATA; Schema: public; Owner: postgres
--

COPY public.social_auth_nonce (id, server_url, "timestamp", salt) FROM stdin;
\.


--
-- TOC entry 3782 (class 0 OID 26373)
-- Dependencies: 273
-- Data for Name: social_auth_partial; Type: TABLE DATA; Schema: public; Owner: postgres
--

COPY public.social_auth_partial (id, token, next_step, backend, "timestamp", data) FROM stdin;
\.


--
-- TOC entry 3780 (class 0 OID 26347)
-- Dependencies: 271
-- Data for Name: social_auth_usersocialauth; Type: TABLE DATA; Schema: public; Owner: postgres
--

COPY public.social_auth_usersocialauth (id, provider, uid, user_id, created, modified, extra_data) FROM stdin;
\.


--
-- TOC entry 3764 (class 0 OID 17649)
-- Dependencies: 255
-- Data for Name: token_blacklist_blacklistedtoken; Type: TABLE DATA; Schema: public; Owner: postgres
--

COPY public.token_blacklist_blacklistedtoken (id, blacklisted_at, token_id) FROM stdin;
\.


--
-- TOC entry 3766 (class 0 OID 17655)
-- Dependencies: 257
-- Data for Name: token_blacklist_outstandingtoken; Type: TABLE DATA; Schema: public; Owner: postgres
--

COPY public.token_blacklist_outstandingtoken (id, token, created_at, expires_at, user_id, jti) FROM stdin;
1	eyJhbGciOiJIUzI1NiIsInR5cCI6IkpXVCJ9.eyJ0b2tlbl90eXBlIjoicmVmcmVzaCIsImV4cCI6MTczNTczMjE1MywiaWF0IjoxNzM1MTI3MzUzLCJqdGkiOiJhMzY3MjRhYjQ5ODQ0NDJiOWZmMWRkMzVlZmViNWIxMyIsInVzZXJfaWQiOjN9.ygahvP_vMGKKUVimAlxLT0zLBtZIic28WFsh-wkNRNU	2024-12-25 13:49:13.145551+02	2025-01-01 13:49:13+02	3	a36724ab4984442b9ff1dd35efeb5b13
2	eyJhbGciOiJIUzI1NiIsInR5cCI6IkpXVCJ9.eyJ0b2tlbl90eXBlIjoicmVmcmVzaCIsImV4cCI6MTczNTczNTAzNywiaWF0IjoxNzM1MTMwMjM3LCJqdGkiOiI2ZmE5MTU3OTAxYWY0NGZkYWUyOWIxNTNjZmViODY1NiIsInVzZXJfaWQiOjN9.hy7lFAs2kp8UtFC2uU0s5QnacgQVUDPpocNkK6T1CX0	2024-12-25 14:37:17.068569+02	2025-01-01 14:37:17+02	3	6fa9157901af44fdae29b153cfeb8656
3	eyJhbGciOiJIUzI1NiIsInR5cCI6IkpXVCJ9.eyJ0b2tlbl90eXBlIjoicmVmcmVzaCIsImV4cCI6MTczNTczNTI2MSwiaWF0IjoxNzM1MTMwNDYxLCJqdGkiOiI3MjdmYjdjNzkwZmE0N2QwYmY4MDBmZTYyY2ExNjAxOSIsInVzZXJfaWQiOjIyfQ.Wnb9wOrV0kJDJp4-143Z1hXmmKOVlKPNXMo52gopzq0	2024-12-25 14:41:01.63336+02	2025-01-01 14:41:01+02	22	727fb7c790fa47d0bf800fe62ca16019
4	eyJhbGciOiJIUzI1NiIsInR5cCI6IkpXVCJ9.eyJ0b2tlbl90eXBlIjoicmVmcmVzaCIsImV4cCI6MTczNTczNTM0NCwiaWF0IjoxNzM1MTMwNTQ0LCJqdGkiOiI3MGUyYjIzNTUwYTM0MzQ1ODM1NjdjZTgwMTMzMTFmYyIsInVzZXJfaWQiOjIyfQ.pXaUJA7qyFXPM3opZuv5YT1C4bHY4D3Vdhug2n4CMQU	2024-12-25 14:42:24.7875+02	2025-01-01 14:42:24+02	22	70e2b23550a3434583567ce8013311fc
5	eyJhbGciOiJIUzI1NiIsInR5cCI6IkpXVCJ9.eyJ0b2tlbl90eXBlIjoicmVmcmVzaCIsImV4cCI6MTczNTczNTQyMSwiaWF0IjoxNzM1MTMwNjIxLCJqdGkiOiJlYjVhYzFhNjQ2ZmU0OTE0YTlhZjFkNGUzYWMwYzI5MyIsInVzZXJfaWQiOjIyfQ.ATU2-g0tz7GJ5FEHm46_YCQkIGgMmcrivrE4DhxAzhc	2024-12-25 14:43:41.729493+02	2025-01-01 14:43:41+02	22	eb5ac1a646fe4914a9af1d4e3ac0c293
6	eyJhbGciOiJIUzI1NiIsInR5cCI6IkpXVCJ9.eyJ0b2tlbl90eXBlIjoicmVmcmVzaCIsImV4cCI6MTczNTczNTQ3NiwiaWF0IjoxNzM1MTMwNjc2LCJqdGkiOiI0ZTcyZGUxMjZhNmU0ODk0OWVkOTRlMmMyNDAyOTNiOCIsInVzZXJfaWQiOjIyfQ.XlXp1VLRaN2sjzISTAkAB_FzXVkJpjJaJF4jocSLOCM	2024-12-25 14:44:36.004531+02	2025-01-01 14:44:36+02	22	4e72de126a6e48949ed94e2c240293b8
7	eyJhbGciOiJIUzI1NiIsInR5cCI6IkpXVCJ9.eyJ0b2tlbl90eXBlIjoicmVmcmVzaCIsImV4cCI6MTczNTczODI2OCwiaWF0IjoxNzM1MTMzNDY4LCJqdGkiOiIxY2RkYzI2YmU2YzA0MzEyYmRjMWU5ZWZmNjc3MzI5NCIsInVzZXJfaWQiOjIyfQ.lsGByzwxz0zlSWbmN0xJaK02lmvjWAPJ62S9SvOGA3I	2024-12-25 15:31:08.506311+02	2025-01-01 15:31:08+02	22	1cddc26be6c04312bdc1e9eff6773294
8	eyJhbGciOiJIUzI1NiIsInR5cCI6IkpXVCJ9.eyJ0b2tlbl90eXBlIjoicmVmcmVzaCIsImV4cCI6MTczNTczODI4OSwiaWF0IjoxNzM1MTMzNDg5LCJqdGkiOiJkNzMxODY0YmM3NTk0YzZhOTVjMDExZTQwNzNmYWQyZCIsInVzZXJfaWQiOjIyfQ.FckcunkVJhm1FccCf3dPO8wZ3A5IO61WP4doUr-ngf4	2024-12-25 15:31:29.14345+02	2025-01-01 15:31:29+02	22	d731864bc7594c6a95c011e4073fad2d
9	eyJhbGciOiJIUzI1NiIsInR5cCI6IkpXVCJ9.eyJ0b2tlbl90eXBlIjoicmVmcmVzaCIsImV4cCI6MTczNTczODM4OCwiaWF0IjoxNzM1MTMzNTg4LCJqdGkiOiJjODFkYmZjYzc5Zjg0OWJiYmJkMTQyMjA5MDhjZjczYiIsInVzZXJfaWQiOjIyfQ.2DgS9-AEGU4sAGEkYCOKwJgj6UIWLy_ovVrb-3BTs1o	2024-12-25 15:33:08.914201+02	2025-01-01 15:33:08+02	22	c81dbfcc79f849bbbbd14220908cf73b
10	eyJhbGciOiJIUzI1NiIsInR5cCI6IkpXVCJ9.eyJ0b2tlbl90eXBlIjoicmVmcmVzaCIsImV4cCI6MTczNTczODY2MSwiaWF0IjoxNzM1MTMzODYxLCJqdGkiOiI4MWYzNTFjYzdiZWY0MDgwODc0ZWYwMjhjOWExMTA1NiIsInVzZXJfaWQiOjIyfQ.CAOSj20M9raxQ5cufSQMP7GMtBC_wtFbgQUrSUicdoA	2024-12-25 15:37:41.325261+02	2025-01-01 15:37:41+02	22	81f351cc7bef4080874ef028c9a11056
11	eyJhbGciOiJIUzI1NiIsInR5cCI6IkpXVCJ9.eyJ0b2tlbl90eXBlIjoicmVmcmVzaCIsImV4cCI6MTczNTczOTA4MiwiaWF0IjoxNzM1MTM0MjgyLCJqdGkiOiIyMmU1ZWJhYTAzZTM0M2M4ODc5ZmYwODVhYjBlZTg5OCIsInVzZXJfaWQiOjIyfQ.kNm5vHg_ONEl8bRdvUvQ26U96ydR4DtSH7U3lnkWk5U	2024-12-25 15:44:42.551843+02	2025-01-01 15:44:42+02	22	22e5ebaa03e343c8879ff085ab0ee898
12	eyJhbGciOiJIUzI1NiIsInR5cCI6IkpXVCJ9.eyJ0b2tlbl90eXBlIjoicmVmcmVzaCIsImV4cCI6MTczNTczOTc4NCwiaWF0IjoxNzM1MTM0OTg0LCJqdGkiOiI1MDRhNDAzNDk0OTE0YjkxOTAzYTk1MjUzYzJjNTQzYSIsInVzZXJfaWQiOjN9.b93E20q_nYePZgt6dN8blTD4Ar0C5TtUMv1V0G52cCM	2024-12-25 15:56:24.180957+02	2025-01-01 15:56:24+02	3	504a403494914b91903a95253c2c543a
13	eyJhbGciOiJIUzI1NiIsInR5cCI6IkpXVCJ9.eyJ0b2tlbl90eXBlIjoicmVmcmVzaCIsImV4cCI6MTczNTc0MTk5OCwiaWF0IjoxNzM1MTM3MTk4LCJqdGkiOiI3YTYyYzI5ODFjMzI0MTEyOWE5NDAwNDBhYzI0MTUzNCIsInVzZXJfaWQiOjI1fQ.4tyBAuhBmhkLVP_NT_X53vw8GHtQv3m-6yCZdoej514	2024-12-25 16:33:18.971931+02	2025-01-01 16:33:18+02	25	7a62c2981c3241129a940040ac241534
14	eyJhbGciOiJIUzI1NiIsInR5cCI6IkpXVCJ9.eyJ0b2tlbl90eXBlIjoicmVmcmVzaCIsImV4cCI6MTczNTc0NzcyMSwiaWF0IjoxNzM1MTQyOTIxLCJqdGkiOiJmNmExNDMxNGFlMmY0YjUzOGUxZGU0NDU1MzIxMzAzYSIsInVzZXJfaWQiOjI1fQ.j1UONcoWfm9EMjWL88BjL6YgLR4AKsGSs13NQq9660Y	2024-12-25 18:08:41.730438+02	2025-01-01 18:08:41+02	25	f6a14314ae2f4b538e1de4455321303a
15	eyJhbGciOiJIUzI1NiIsInR5cCI6IkpXVCJ9.eyJ0b2tlbl90eXBlIjoicmVmcmVzaCIsImV4cCI6MTczNTk3NjY3MSwiaWF0IjoxNzM1MzcxODcxLCJqdGkiOiJmYzFjNGY5ZGMxMzY0YTlmOTJhZWMzMDhjNjBjZDRmMiIsInVzZXJfaWQiOjI1fQ.Qo1EgPzRo2wDsZlJqDoJZKfwqWYTHSp6HqAYTob2zSA	2024-12-28 09:44:31.459417+02	2025-01-04 09:44:31+02	25	fc1c4f9dc1364a9f92aec308c60cd4f2
16	eyJhbGciOiJIUzI1NiIsInR5cCI6IkpXVCJ9.eyJ0b2tlbl90eXBlIjoicmVmcmVzaCIsImV4cCI6MTczNTk3Nzk3MCwiaWF0IjoxNzM1MzczMTcwLCJqdGkiOiIxMTgwMTYxNzU0ZGQ0NWUxOTk5ZjY0MDk5N2EyOWE4NiIsInVzZXJfaWQiOjIyfQ.ZwREL37PKK6dCZuH3FZkvcOH6XMgTIFjxHni1ZhHLhs	2024-12-28 10:06:10.560763+02	2025-01-04 10:06:10+02	22	1180161754dd45e1999f640997a29a86
17	eyJhbGciOiJIUzI1NiIsInR5cCI6IkpXVCJ9.eyJ0b2tlbl90eXBlIjoicmVmcmVzaCIsImV4cCI6MTczNTk3ODAwMCwiaWF0IjoxNzM1MzczMjAwLCJqdGkiOiJmNWM2YzA1ZDRmOGY0NjY5ODc5MTNjM2ZlMjA5MTUwMyIsInVzZXJfaWQiOjIyfQ.lDKI6Lp0czdzDzE174IpEteOt2aMxpCr0xc9NPdaDC8	2024-12-28 10:06:40.142888+02	2025-01-04 10:06:40+02	22	f5c6c05d4f8f466987913c3fe2091503
18	eyJhbGciOiJIUzI1NiIsInR5cCI6IkpXVCJ9.eyJ0b2tlbl90eXBlIjoicmVmcmVzaCIsImV4cCI6MTczNTk3ODQwOSwiaWF0IjoxNzM1MzczNjA5LCJqdGkiOiI5YTI2ZThhZWVkZTU0ZTNkYmFmODlkOWQ3MGQ1MjIzNiIsInVzZXJfaWQiOjI1fQ.6AZq5PF8YwjB-T8IUoP00pgJIMZUPcQY3Dk7LJIIYks	2024-12-28 10:13:29.967839+02	2025-01-04 10:13:29+02	25	9a26e8aeede54e3dbaf89d9d70d52236
19	eyJhbGciOiJIUzI1NiIsInR5cCI6IkpXVCJ9.eyJ0b2tlbl90eXBlIjoicmVmcmVzaCIsImV4cCI6MTczNTk5MDM2NSwiaWF0IjoxNzM1Mzg1NTY1LCJqdGkiOiJkMzQyM2VlOWQyM2M0ZmY1YmZmYzE1MmIwNDA4ZmI1MSIsInVzZXJfaWQiOjIyfQ.1GW3jG57A5P41_Ejw_mlzJAoyLFEU4NqFYgbc2D1uVc	2024-12-28 13:32:45.722853+02	2025-01-04 13:32:45+02	22	d3423ee9d23c4ff5bffc152b0408fb51
20	eyJhbGciOiJIUzI1NiIsInR5cCI6IkpXVCJ9.eyJ0b2tlbl90eXBlIjoicmVmcmVzaCIsImV4cCI6MTczNTk5MDc5MCwiaWF0IjoxNzM1Mzg1OTkwLCJqdGkiOiI0MGEzMDRjNjQ3YzM0NGQwODFjNWY0ZDk2Mzk2ZTA0MSIsInVzZXJfaWQiOjI1fQ.nW0fGCadrtnTXtGz4rtMlEd8DNjYs7cGcBAITkQEXIc	2024-12-28 13:39:50.908614+02	2025-01-04 13:39:50+02	25	40a304c647c344d081c5f4d96396e041
21	eyJhbGciOiJIUzI1NiIsInR5cCI6IkpXVCJ9.eyJ0b2tlbl90eXBlIjoicmVmcmVzaCIsImV4cCI6MTczNTk5NDkyMCwiaWF0IjoxNzM1MzkwMTIwLCJqdGkiOiI2ZjU3Mjc4ZmFjY2Q0MmMxYTIyNmY3NGU4ZDNiOTk5YiIsInVzZXJfaWQiOjI1fQ.oY9MBvJFGVMm7k_E51gxDh0buL7Dg4VDUEZAXoB6mPk	2024-12-28 14:48:40.81911+02	2025-01-04 14:48:40+02	25	6f57278faccd42c1a226f74e8d3b999b
22	eyJhbGciOiJIUzI1NiIsInR5cCI6IkpXVCJ9.eyJ0b2tlbl90eXBlIjoicmVmcmVzaCIsImV4cCI6MTczNjA3NjU4NywiaWF0IjoxNzM1NDcxNzg3LCJqdGkiOiJjMThlZTZkMWYwMzk0ZjQ0ODRjMGMyN2RhMWVkNjI5ZCIsInVzZXJfaWQiOjI1fQ.eqNCDJ3VCulsI7QXpg-tJ64t92IGHsGLLPHxIehYq3M	2024-12-29 13:29:47.848476+02	2025-01-05 13:29:47+02	25	c18ee6d1f0394f4484c0c27da1ed629d
23	eyJhbGciOiJIUzI1NiIsInR5cCI6IkpXVCJ9.eyJ0b2tlbl90eXBlIjoicmVmcmVzaCIsImV4cCI6MTczNjA3ODg5MywiaWF0IjoxNzM1NDc0MDkzLCJqdGkiOiJjZWM1YTA5NzE3MTU0OTAyOGZkMzU4M2ZkZGNhNGVlMSIsInVzZXJfaWQiOjN9.DPd3cQbeNGGBOAxyuCEFpAjxgX_87PTNgr2tSKa2LII	2024-12-29 14:08:13.912659+02	2025-01-05 14:08:13+02	3	cec5a097171549028fd3583fddca4ee1
24	eyJhbGciOiJIUzI1NiIsInR5cCI6IkpXVCJ9.eyJ0b2tlbl90eXBlIjoicmVmcmVzaCIsImV4cCI6MTczNjA3ODk4OCwiaWF0IjoxNzM1NDc0MTg4LCJqdGkiOiJmOWIzZjU2OGRmZGM0N2Q4YWI2ZDQzMzQ2NGUyOGZlYyIsInVzZXJfaWQiOjIyfQ.2zBogj-PpHoHZZZNB6aL3iExuLlvcYOVMbnGzQBuhD4	2024-12-29 14:09:48.033098+02	2025-01-05 14:09:48+02	22	f9b3f568dfdc47d8ab6d433464e28fec
25	eyJhbGciOiJIUzI1NiIsInR5cCI6IkpXVCJ9.eyJ0b2tlbl90eXBlIjoicmVmcmVzaCIsImV4cCI6MTczNjA3OTA4MiwiaWF0IjoxNzM1NDc0MjgyLCJqdGkiOiJlYjE5ZTkyOTBiOTM0ZDYwOGE5YWM2NDQ5N2RkYWRjNCIsInVzZXJfaWQiOjI1fQ.SzNR7tdFgu-YPyvGC96JB94j6VeZkae_oyMBwycmJSg	2024-12-29 14:11:22.245326+02	2025-01-05 14:11:22+02	25	eb19e9290b934d608a9ac64497ddadc4
26	eyJhbGciOiJIUzI1NiIsInR5cCI6IkpXVCJ9.eyJ0b2tlbl90eXBlIjoicmVmcmVzaCIsImV4cCI6MTczNjA4MDQwNiwiaWF0IjoxNzM1NDc1NjA2LCJqdGkiOiI1Mjk0ZjZmNmQwNTA0OWJhODA1YWJkZjhkYjVmY2QwMSIsInVzZXJfaWQiOjI1fQ.997eo2dLt_8ylgLa4PXw9u63p-D4so9DLxnd8tOMNgg	2024-12-29 14:33:26.036302+02	2025-01-05 14:33:26+02	25	5294f6f6d05049ba805abdf8db5fcd01
27	eyJhbGciOiJIUzI1NiIsInR5cCI6IkpXVCJ9.eyJ0b2tlbl90eXBlIjoicmVmcmVzaCIsImV4cCI6MTczNjA4NTY2NSwiaWF0IjoxNzM1NDgwODY1LCJqdGkiOiJhMTMxMTBmYWNmYTM0ZmE4YmQzY2M2MjJkNDAzMzYyYSIsInVzZXJfaWQiOjIyfQ.f15rG-yXyZkf5IYM7dCrS6ccSopDr1wvVU8-RJuX68M	2024-12-29 16:01:05.928687+02	2025-01-05 16:01:05+02	22	a13110facfa34fa8bd3cc622d403362a
28	eyJhbGciOiJIUzI1NiIsInR5cCI6IkpXVCJ9.eyJ0b2tlbl90eXBlIjoicmVmcmVzaCIsImV4cCI6MTczNjA4NTcyNSwiaWF0IjoxNzM1NDgwOTI1LCJqdGkiOiI1M2YxMGEyYTRjNDc0MDgzOWZjOWI1YmNjZTMyNjA3OSIsInVzZXJfaWQiOjI1fQ.kQW7AdlhfRAi74P_hRqjhWZZ_EmlgQx63qvVgdJVmAk	2024-12-29 16:02:05.361598+02	2025-01-05 16:02:05+02	25	53f10a2a4c4740839fc9b5bcce326079
29	eyJhbGciOiJIUzI1NiIsInR5cCI6IkpXVCJ9.eyJ0b2tlbl90eXBlIjoicmVmcmVzaCIsImV4cCI6MTczNjA4OTE1NSwiaWF0IjoxNzM1NDg0MzU1LCJqdGkiOiI1ZDg0YjBhZDY5ZWE0NDkyOGQxOTRkMzMwNDc5MTEzMCIsInVzZXJfaWQiOjIyfQ.I2nQC5KlwIKUdzbJeGksHZ5pkLsAE7eyv91hA2rZoWs	2024-12-29 16:59:15.512314+02	2025-01-05 16:59:15+02	22	5d84b0ad69ea44928d194d3304791130
30	eyJhbGciOiJIUzI1NiIsInR5cCI6IkpXVCJ9.eyJ0b2tlbl90eXBlIjoicmVmcmVzaCIsImV4cCI6MTczNjA4OTQ3MCwiaWF0IjoxNzM1NDg0NjcwLCJqdGkiOiJiODUyYzBhNWExODQ0NDBhYmI2YTNlNDhmN2QwZWZlOCIsInVzZXJfaWQiOjI1fQ.KdU4QeiFdZq6xsQsxTuKrPET0A9a917DmHsUse-7e3U	2024-12-29 17:04:30.016969+02	2025-01-05 17:04:30+02	25	b852c0a5a184440abb6a3e48f7d0efe8
31	eyJhbGciOiJIUzI1NiIsInR5cCI6IkpXVCJ9.eyJ0b2tlbl90eXBlIjoicmVmcmVzaCIsImV4cCI6MTczNjA5Mzg3NSwiaWF0IjoxNzM1NDg5MDc1LCJqdGkiOiJlMzE1MGM4MWJlYjQ0OWFmYjVlNDFkYTc3YTE4NTE2YSIsInVzZXJfaWQiOjI1fQ.Z1YCAd2aenYBqYAqHtblfWaH6mB0JQf08Q66V02QxFU	2024-12-29 18:17:55.131145+02	2025-01-05 18:17:55+02	25	e3150c81beb449afb5e41da77a18516a
32	eyJhbGciOiJIUzI1NiIsInR5cCI6IkpXVCJ9.eyJ0b2tlbl90eXBlIjoicmVmcmVzaCIsImV4cCI6MTczNjIzNTM3NSwiaWF0IjoxNzM1NjMwNTc1LCJqdGkiOiI1N2ZkYWNhMWI5ODk0NzJkYjZkYzg0MmZmZTJiN2I0ZSIsInVzZXJfaWQiOjI1fQ.iTr7f2xvsFIpUCCMEp8pyvMg9HdGa2cvvYHvHglIeM4	2024-12-31 09:36:15.424881+02	2025-01-07 09:36:15+02	25	57fdaca1b989472db6dc842ffe2b7b4e
33	eyJhbGciOiJIUzI1NiIsInR5cCI6IkpXVCJ9.eyJ0b2tlbl90eXBlIjoicmVmcmVzaCIsImV4cCI6MTczNjIzNTM4MSwiaWF0IjoxNzM1NjMwNTgxLCJqdGkiOiJjY2VmN2ZiMTEzYzQ0NWMyYTlmZmQ2NDZhZTE5ODk0ZiIsInVzZXJfaWQiOjIyfQ.bfzycwTYATUiFn3nkQ1udapzxPIG26sSq35VGwEjwyI	2024-12-31 09:36:21.198618+02	2025-01-07 09:36:21+02	22	ccef7fb113c445c2a9ffd646ae19894f
34	eyJhbGciOiJIUzI1NiIsInR5cCI6IkpXVCJ9.eyJ0b2tlbl90eXBlIjoicmVmcmVzaCIsImV4cCI6MTczNjIzNzcyMSwiaWF0IjoxNzM1NjMyOTIxLCJqdGkiOiJjMjU0MmUxM2YwNGE0ODg0OGUzYjVmNmFmNzdmZTNmMSIsInVzZXJfaWQiOjIyfQ.im0pQCBKcpdWYA5No3RLy1rcdDM8yZcn6CBePdB2o0U	2024-12-31 10:15:21.830324+02	2025-01-07 10:15:21+02	22	c2542e13f04a48848e3b5f6af77fe3f1
35	eyJhbGciOiJIUzI1NiIsInR5cCI6IkpXVCJ9.eyJ0b2tlbl90eXBlIjoicmVmcmVzaCIsImV4cCI6MTczNjIzNzcyNSwiaWF0IjoxNzM1NjMyOTI1LCJqdGkiOiI3ZjBjNGIzMGJlMWM0OWZhOWQyZGMxNGQxMzA5NmJlMiIsInVzZXJfaWQiOjI1fQ.x1Fmz4hjfn2KfQ3RV_PLs5TBydUdpbTT5mANHZwt1hM	2024-12-31 10:15:25.098515+02	2025-01-07 10:15:25+02	25	7f0c4b30be1c49fa9d2dc14d13096be2
36	eyJhbGciOiJIUzI1NiIsInR5cCI6IkpXVCJ9.eyJ0b2tlbl90eXBlIjoicmVmcmVzaCIsImV4cCI6MTczNjI1MDYyNCwiaWF0IjoxNzM1NjQ1ODI0LCJqdGkiOiI1NTJiMmU5YmMwODg0NzZiYjk3NWRiYzNhMjJlYjMxYiIsInVzZXJfaWQiOjI1fQ.exaT6aT8Q0B8Q8fRG8yEutMRbSJnVu9YMBOi_DJRntE	2024-12-31 13:50:24.511562+02	2025-01-07 13:50:24+02	25	552b2e9bc088476bb975dbc3a22eb31b
37	eyJhbGciOiJIUzI1NiIsInR5cCI6IkpXVCJ9.eyJ0b2tlbl90eXBlIjoicmVmcmVzaCIsImV4cCI6MTczNjI1MDYyOSwiaWF0IjoxNzM1NjQ1ODI5LCJqdGkiOiJhMTgxMzY0ZDg4MTk0Y2FmODFlMDU4NWU5NWZkNmVhMSIsInVzZXJfaWQiOjIyfQ.NTl1JqPhUvXrZP_TFIxfpHTAFbAJ0gji3XOFbo8u79Y	2024-12-31 13:50:29.640742+02	2025-01-07 13:50:29+02	22	a181364d88194caf81e0585e95fd6ea1
38	eyJhbGciOiJIUzI1NiIsInR5cCI6IkpXVCJ9.eyJ0b2tlbl90eXBlIjoicmVmcmVzaCIsImV4cCI6MTczNjI1MDYzMywiaWF0IjoxNzM1NjQ1ODMzLCJqdGkiOiI1N2I3MmVmZjM0Y2M0NDY2OGU2YWJmODg1NDliM2QwNyIsInVzZXJfaWQiOjN9.4dO0EPNOQYoYKcWucD-sxTSAqm1AJVEoH6wgFyAzwvQ	2024-12-31 13:50:33.372576+02	2025-01-07 13:50:33+02	3	57b72eff34cc44668e6abf88549b3d07
39	eyJhbGciOiJIUzI1NiIsInR5cCI6IkpXVCJ9.eyJ0b2tlbl90eXBlIjoicmVmcmVzaCIsImV4cCI6MTczNjI1ODM5OCwiaWF0IjoxNzM1NjUzNTk4LCJqdGkiOiJlODM1NjZlZWNkYjE0MTlmODU4MGE2ZDcyNWY5Yjc2NyIsInVzZXJfaWQiOjI1fQ.kSd6eY-_t0dmCsOOLkIg0WZJGJuhkeKNoiry84oMHA4	2024-12-31 15:59:58.359478+02	2025-01-07 15:59:58+02	25	e83566eecdb1419f8580a6d725f9b767
40	eyJhbGciOiJIUzI1NiIsInR5cCI6IkpXVCJ9.eyJ0b2tlbl90eXBlIjoicmVmcmVzaCIsImV4cCI6MTczNjI2MTU2NywiaWF0IjoxNzM1NjU2NzY3LCJqdGkiOiIxNzA1ZmZmMGQyZjQ0ZjdhYTcyYzUzZDQyMjcxOWMwMiIsInVzZXJfaWQiOjIyfQ.42qTRhvN8HeGCH5ZoBqh4M_rVysWsz1IGCkBgXR8S1k	2024-12-31 16:52:47.473164+02	2025-01-07 16:52:47+02	22	1705fff0d2f44f7aa72c53d422719c02
41	eyJhbGciOiJIUzI1NiIsInR5cCI6IkpXVCJ9.eyJ0b2tlbl90eXBlIjoicmVmcmVzaCIsImV4cCI6MTczNjI2MjExNiwiaWF0IjoxNzM1NjU3MzE2LCJqdGkiOiI0ZWMyZDYwZWE1MjA0M2UyOTY3MGJlMjM1NjBhOTBiZCIsInVzZXJfaWQiOjIyfQ.19vBXJZ_wYC6M223LHzn3kgFmZYknljgjYd3ZZXkA8M	2024-12-31 17:01:56.742951+02	2025-01-07 17:01:56+02	22	4ec2d60ea52043e29670be23560a90bd
42	eyJhbGciOiJIUzI1NiIsInR5cCI6IkpXVCJ9.eyJ0b2tlbl90eXBlIjoicmVmcmVzaCIsImV4cCI6MTczNjI2NTE4NSwiaWF0IjoxNzM1NjYwMzg1LCJqdGkiOiJkNjQzM2QwY2FlOTY0ZjRlOGYwNjc2MDI0YzNmNjA2NCIsInVzZXJfaWQiOjIyfQ.b93iAc--S8DyfuCPBY5OWXbsSXuqe3ywtFzsjES-Quo	2024-12-31 17:53:05.619912+02	2025-01-07 17:53:05+02	22	d6433d0cae964f4e8f0676024c3f6064
43	eyJhbGciOiJIUzI1NiIsInR5cCI6IkpXVCJ9.eyJ0b2tlbl90eXBlIjoicmVmcmVzaCIsImV4cCI6MTczNjI2NTM2OSwiaWF0IjoxNzM1NjYwNTY5LCJqdGkiOiI0Mzc0MmQwMGNmZTA0ODJhOTQ3NzYyMTYwYjZkZDM5NiIsInVzZXJfaWQiOjI1fQ.7hfYIeJEGV-mnS1E_UdwP-UMPEhHfG72zlNj4VH1Rb4	2024-12-31 17:56:09.126077+02	2025-01-07 17:56:09+02	25	43742d00cfe0482a947762160b6dd396
44	eyJhbGciOiJIUzI1NiIsInR5cCI6IkpXVCJ9.eyJ0b2tlbl90eXBlIjoicmVmcmVzaCIsImV4cCI6MTczNjM0MzMwNSwiaWF0IjoxNzM1NzM4NTA1LCJqdGkiOiJiMmFjODE2MzQ0M2U0MmJhOTYyZDJmMzhkYWNiYWRmOCIsInVzZXJfaWQiOjI1fQ.su3rp6Pxq8CCd2w34QGY9TzzHr4umCt72jO-QJzxuas	2025-01-01 15:35:05.636256+02	2025-01-08 15:35:05+02	25	b2ac8163443e42ba962d2f38dacbadf8
45	eyJhbGciOiJIUzI1NiIsInR5cCI6IkpXVCJ9.eyJ0b2tlbl90eXBlIjoicmVmcmVzaCIsImV4cCI6MTczNjM0ODQwOSwiaWF0IjoxNzM1NzQzNjA5LCJqdGkiOiJjYzE5MDVhOWYxMmE0ODcyYmMwMWU4MTNhYmI1M2ZlNSIsInVzZXJfaWQiOjIyfQ.h4e3V3wid58DtKW86QLUm_R5DKHHKr4xe7g43fjmtHU	2025-01-01 17:00:09.961124+02	2025-01-08 17:00:09+02	22	cc1905a9f12a4872bc01e813abb53fe5
46	eyJhbGciOiJIUzI1NiIsInR5cCI6IkpXVCJ9.eyJ0b2tlbl90eXBlIjoicmVmcmVzaCIsImV4cCI6MTczNjYxMDY4MSwiaWF0IjoxNzM2MDA1ODgxLCJqdGkiOiJhMzE5OGJlZDA5ZWM0NjFhYjM0MDI2ZjQ4YmY5MTM2MyIsInVzZXJfaWQiOjI1fQ.JikM5eQ2WwVejvABR0jwjFM6cuEk1E0yS114hfw6wug	2025-01-04 17:51:21.808324+02	2025-01-11 17:51:21+02	25	a3198bed09ec461ab34026f48bf91363
47	eyJhbGciOiJIUzI1NiIsInR5cCI6IkpXVCJ9.eyJ0b2tlbl90eXBlIjoicmVmcmVzaCIsImV4cCI6MTczNjYxMDcxMCwiaWF0IjoxNzM2MDA1OTEwLCJqdGkiOiIzODk4YWVjNWIxZDI0YjI5YTM0MWI4NGQ3MTNkMGMwNCIsInVzZXJfaWQiOjIyfQ.LNa96nZ3inefeqVkUEpb8eL1OO16hLKvJeWdG6AkUK0	2025-01-04 17:51:50.255663+02	2025-01-11 17:51:50+02	22	3898aec5b1d24b29a341b84d713d0c04
48	eyJhbGciOiJIUzI1NiIsInR5cCI6IkpXVCJ9.eyJ0b2tlbl90eXBlIjoicmVmcmVzaCIsImV4cCI6MTczNjc2ODY2MywiaWF0IjoxNzM2MTYzODYzLCJqdGkiOiI0MjFmZTdlNGY5MWI0ZDNjODE4ZTA5YzUyMzM3YWMxOCIsInVzZXJfaWQiOjIyfQ.uFxikPD7Cl-O_OZpMjuVpBXpNMW_667Q7PMJeO7C8_E	2025-01-06 13:44:23.122525+02	2025-01-13 13:44:23+02	22	421fe7e4f91b4d3c818e09c52337ac18
49	eyJhbGciOiJIUzI1NiIsInR5cCI6IkpXVCJ9.eyJ0b2tlbl90eXBlIjoicmVmcmVzaCIsImV4cCI6MTczNjc2ODg3OSwiaWF0IjoxNzM2MTY0MDc5LCJqdGkiOiI2N2U0NTViMTg4ZWE0YmE4OTMyN2E5ZjEwYjZjMzMyYiIsInVzZXJfaWQiOjM5fQ.58FXoisaXmggDQd5iP3OeOrw81mI9HE0OWn15RGMKD4	2025-01-06 13:47:59.777687+02	2025-01-13 13:47:59+02	39	67e455b188ea4ba89327a9f10b6c332b
50	eyJhbGciOiJIUzI1NiIsInR5cCI6IkpXVCJ9.eyJ0b2tlbl90eXBlIjoicmVmcmVzaCIsImV4cCI6MTczNjc3MDk3OCwiaWF0IjoxNzM2MTY2MTc4LCJqdGkiOiI5NWM1ZWE0NGJhODM0N2FmYTQ3OWU5MmNhNzczMjIxNCIsInVzZXJfaWQiOjM5fQ.7hwb3ojKCsU7m6OdhKsLH-rppvTYrmF9PAPFu4sE2w8	2025-01-06 14:22:58.091622+02	2025-01-13 14:22:58+02	39	95c5ea44ba8347afa479e92ca7732214
51	eyJhbGciOiJIUzI1NiIsInR5cCI6IkpXVCJ9.eyJ0b2tlbl90eXBlIjoicmVmcmVzaCIsImV4cCI6MTczNjc3OTc1NSwiaWF0IjoxNzM2MTc0OTU1LCJqdGkiOiJlOThmY2IyZmM4NDY0OTQxYTYzMTk5OGQ1NWUzMWNiMCIsInVzZXJfaWQiOjIyfQ.IkEVlmxWEw-A27IJSs77mndsVDojQJ1y_EJKdi2YwTQ	2025-01-06 16:49:15.541678+02	2025-01-13 16:49:15+02	22	e98fcb2fc8464941a631998d55e31cb0
52	eyJhbGciOiJIUzI1NiIsInR5cCI6IkpXVCJ9.eyJ0b2tlbl90eXBlIjoicmVmcmVzaCIsImV4cCI6MTczNjc3OTc1OSwiaWF0IjoxNzM2MTc0OTU5LCJqdGkiOiJkYzVmMDFjMjE0ZGQ0NDUyYTI1YjUzNDg3Mjc3NWVkNiIsInVzZXJfaWQiOjM5fQ.mJhEgvSENo05pkV0wDtr4QJLSo5PEV9VIm3fZ5jJMRk	2025-01-06 16:49:19.19795+02	2025-01-13 16:49:19+02	39	dc5f01c214dd4452a25b534872775ed6
53	eyJhbGciOiJIUzI1NiIsInR5cCI6IkpXVCJ9.eyJ0b2tlbl90eXBlIjoicmVmcmVzaCIsImV4cCI6MTczNjg2MTYxOSwiaWF0IjoxNzM2MjU2ODE5LCJqdGkiOiI1OWExYTU1NTI1NmU0ZDJlYTc2MTU4MzJiNWJiNmRlMiIsInVzZXJfaWQiOjIyfQ.kT_XDtOg9-XGIJxuiPxzDhGVPPQVo2ACmI2Ax9vBP_w	2025-01-07 15:33:39.669393+02	2025-01-14 15:33:39+02	22	59a1a555256e4d2ea7615832b5bb6de2
54	eyJhbGciOiJIUzI1NiIsInR5cCI6IkpXVCJ9.eyJ0b2tlbl90eXBlIjoicmVmcmVzaCIsImV4cCI6MTczNjg2MTYyNiwiaWF0IjoxNzM2MjU2ODI2LCJqdGkiOiI0MGQ2ZjgyYjRkMDE0ZjA4YmE5MGJiMGM2ZWRmNjIyOCIsInVzZXJfaWQiOjM5fQ.BFbMVEzJQ5Cu6eYQKzVXNQgRCfFlBr5OKUnUYpBN3ds	2025-01-07 15:33:46.756536+02	2025-01-14 15:33:46+02	39	40d6f82b4d014f08ba90bb0c6edf6228
55	eyJhbGciOiJIUzI1NiIsInR5cCI6IkpXVCJ9.eyJ0b2tlbl90eXBlIjoicmVmcmVzaCIsImV4cCI6MTczNjg2MTcxOSwiaWF0IjoxNzM2MjU2OTE5LCJqdGkiOiI3ZDVlMDY5NjZjNjk0ZDUwYWU2NTQ1YzBhYWY0OTkzOSIsInVzZXJfaWQiOjM5fQ.Zywuwz4FwNw7BG4BhYPAzgGwBIak5kh5nL3TDIIsuBw	2025-01-07 15:35:19.540898+02	2025-01-14 15:35:19+02	39	7d5e06966c694d50ae6545c0aaf49939
56	eyJhbGciOiJIUzI1NiIsInR5cCI6IkpXVCJ9.eyJ0b2tlbl90eXBlIjoicmVmcmVzaCIsImV4cCI6MTczNjg2MTcyMiwiaWF0IjoxNzM2MjU2OTIyLCJqdGkiOiIxYjFjMjFkZTUyY2E0ZDRlYTRmMjU4ZmQxNDBkNTVjOCIsInVzZXJfaWQiOjIyfQ.rAGKQPOVzGF9BeDHhf71tuy6ONhL8F40xElZu5NfjV4	2025-01-07 15:35:22.723534+02	2025-01-14 15:35:22+02	22	1b1c21de52ca4d4ea4f258fd140d55c8
57	eyJhbGciOiJIUzI1NiIsInR5cCI6IkpXVCJ9.eyJ0b2tlbl90eXBlIjoicmVmcmVzaCIsImV4cCI6MTczNjg2MTc2NCwiaWF0IjoxNzM2MjU2OTY0LCJqdGkiOiI5NjI0NWE0MDkyYjk0OGU0ODdiODAwN2VhNGU4YmUxOCIsInVzZXJfaWQiOjIyfQ.eR6Fh5spmk8m9AOqZJuw9w0jsxbmfjHviLZDS9GzA4U	2025-01-07 15:36:04.878949+02	2025-01-14 15:36:04+02	22	96245a4092b948e487b8007ea4e8be18
58	eyJhbGciOiJIUzI1NiIsInR5cCI6IkpXVCJ9.eyJ0b2tlbl90eXBlIjoicmVmcmVzaCIsImV4cCI6MTczNjg2MTc2NywiaWF0IjoxNzM2MjU2OTY3LCJqdGkiOiI1ZTM2MzdjZTMxNjU0ZjYzOTEzZTBkZDIwMDlhNjk4ZiIsInVzZXJfaWQiOjM5fQ.XoyZYWbOHgq2CAmeHXHxXmggmpR8b4oyZmqiK8xNg20	2025-01-07 15:36:07.482425+02	2025-01-14 15:36:07+02	39	5e3637ce31654f63913e0dd2009a698f
59	eyJhbGciOiJIUzI1NiIsInR5cCI6IkpXVCJ9.eyJ0b2tlbl90eXBlIjoicmVmcmVzaCIsImV4cCI6MTczNjg2NTk5MSwiaWF0IjoxNzM2MjYxMTkxLCJqdGkiOiIxNzhlOTg1OWM4ODU0MjliODNjNGUyNGU0Y2M3MzRiZiIsInVzZXJfaWQiOjM5fQ.Kxv23K4iOKMNUSA_8He6tN59vNaYfQ6g80iPWwlyOi8	2025-01-07 16:46:31.8361+02	2025-01-14 16:46:31+02	39	178e9859c885429b83c4e24e4cc734bf
60	eyJhbGciOiJIUzI1NiIsInR5cCI6IkpXVCJ9.eyJ0b2tlbl90eXBlIjoicmVmcmVzaCIsImV4cCI6MTczNjg2NjA1NiwiaWF0IjoxNzM2MjYxMjU2LCJqdGkiOiI2YmVkMGUyYTU2NDY0NzUzOTYxYzc5ZDhiYTA0ZGJhZCIsInVzZXJfaWQiOjM5fQ.gGYj0uRjdY7ZmJ6ZiCp7pgaJoQZZmjbHG3gSBzUmlR0	2025-01-07 16:47:36.665547+02	2025-01-14 16:47:36+02	39	6bed0e2a56464753961c79d8ba04dbad
61	eyJhbGciOiJIUzI1NiIsInR5cCI6IkpXVCJ9.eyJ0b2tlbl90eXBlIjoicmVmcmVzaCIsImV4cCI6MTczNjg2NjE3MiwiaWF0IjoxNzM2MjYxMzcyLCJqdGkiOiJkYmE5M2I3MmI0NzI0MGJhYWExYzJiZTU5ODQxYTNhZiIsInVzZXJfaWQiOjM5fQ.29JerpRBKJfmt9rIz04OpVnth_fQhYbGaCFVmWwLOCA	2025-01-07 16:49:32.163692+02	2025-01-14 16:49:32+02	39	dba93b72b47240baaa1c2be59841a3af
62	eyJhbGciOiJIUzI1NiIsInR5cCI6IkpXVCJ9.eyJ0b2tlbl90eXBlIjoicmVmcmVzaCIsImV4cCI6MTczNjg2NzAzMiwiaWF0IjoxNzM2MjYyMjMyLCJqdGkiOiIzZDA0MzRjOTQ0ODU0MzAzYTE4NTU1M2RiNzdiNjIxNiIsInVzZXJfaWQiOjM5fQ.SYhyEG4-fv0Gs6cnoVAGZ3FsW_TFFDDogA1wi9IiG1o	2025-01-07 17:03:52.852792+02	2025-01-14 17:03:52+02	39	3d0434c944854303a185553db77b6216
63	eyJhbGciOiJIUzI1NiIsInR5cCI6IkpXVCJ9.eyJ0b2tlbl90eXBlIjoicmVmcmVzaCIsImV4cCI6MTczNjg2NzA3NiwiaWF0IjoxNzM2MjYyMjc2LCJqdGkiOiI3ODZiMWY3NjhmY2Y0OGJiYWI4M2RlMjRhM2Y4ZjlhZCIsInVzZXJfaWQiOjM5fQ.VcZrPY_91RYPKvVBSkHDWTSdsddpjbNxfOubt54RM-E	2025-01-07 17:04:36.56112+02	2025-01-14 17:04:36+02	39	786b1f768fcf48bbab83de24a3f8f9ad
64	eyJhbGciOiJIUzI1NiIsInR5cCI6IkpXVCJ9.eyJ0b2tlbl90eXBlIjoicmVmcmVzaCIsImV4cCI6MTczNjg2NzY2NiwiaWF0IjoxNzM2MjYyODY2LCJqdGkiOiI4YjEwYWJjMmUzNzA0ODQ2OWQ5ZTE3MjhhYWVlN2VjZSIsInVzZXJfaWQiOjQwfQ.tk2iydMWFqVzcu0hXjglwGj6WHsMB1FEQuhtZlEuy3o	2025-01-07 17:14:26.769973+02	2025-01-14 17:14:26+02	40	8b10abc2e37048469d9e1728aaee7ece
65	eyJhbGciOiJIUzI1NiIsInR5cCI6IkpXVCJ9.eyJ0b2tlbl90eXBlIjoicmVmcmVzaCIsImV4cCI6MTczNjg2OTk3MSwiaWF0IjoxNzM2MjY1MTcxLCJqdGkiOiI0NWU1MmE2MDRkNjI0NmNmOWRiMTllZDFiMDg1OGNkNiIsInVzZXJfaWQiOjM5fQ.XERBwt-FqQCunax7rKM68U7pSIVZ_GY_fDjxoalhHeg	2025-01-07 17:52:51.292093+02	2025-01-14 17:52:51+02	39	45e52a604d6246cf9db19ed1b0858cd6
66	eyJhbGciOiJIUzI1NiIsInR5cCI6IkpXVCJ9.eyJ0b2tlbl90eXBlIjoicmVmcmVzaCIsImV4cCI6MTczNjg2OTk3NywiaWF0IjoxNzM2MjY1MTc3LCJqdGkiOiIwMmQ2ZDNkOGEzNDk0YTRiYWFlNTQyOGI2YjBkZDhmMyIsInVzZXJfaWQiOjIyfQ.2_xum2AbuCo2u4u4IEJGSbwnObkOG3G65Zia9EV6H_4	2025-01-07 17:52:57.271812+02	2025-01-14 17:52:57+02	22	02d6d3d8a3494a4baae5428b6b0dd8f3
67	eyJhbGciOiJIUzI1NiIsInR5cCI6IkpXVCJ9.eyJ0b2tlbl90eXBlIjoicmVmcmVzaCIsImV4cCI6MTczNjg2OTk4MywiaWF0IjoxNzM2MjY1MTgzLCJqdGkiOiI3N2M5NjJhNGU4YjI0NmMxOTkwMzRhY2UwZDQ2NDEyMiIsInVzZXJfaWQiOjN9.7eToE_YIkUT9uMeAvohIdtBO1_DKtEAasB1nWw8PMHo	2025-01-07 17:53:03.218971+02	2025-01-14 17:53:03+02	3	77c962a4e8b246c199034ace0d464122
68	eyJhbGciOiJIUzI1NiIsInR5cCI6IkpXVCJ9.eyJ0b2tlbl90eXBlIjoicmVmcmVzaCIsImV4cCI6MTczNjg3MDEzOCwiaWF0IjoxNzM2MjY1MzM4LCJqdGkiOiIxMTg2YTE2NmY4OWE0NzhkOGY0NDI4MDU2MzQzMmU3NCIsInVzZXJfaWQiOjQwfQ.mzcu5WPDiNvQqAXXarinPONMlviUXMHe-QUUVhsyiJs	2025-01-07 17:55:38.178398+02	2025-01-14 17:55:38+02	40	1186a166f89a478d8f44280563432e74
69	eyJhbGciOiJIUzI1NiIsInR5cCI6IkpXVCJ9.eyJ0b2tlbl90eXBlIjoicmVmcmVzaCIsImV4cCI6MTczNjg3MjAzMCwiaWF0IjoxNzM2MjY3MjMwLCJqdGkiOiI3ODhlYmZmYzVmYjQ0YTRiYmE1NDlkNDIwZDI2MjA4NiIsInVzZXJfaWQiOjM5fQ.2qYdgHiLA0GPcRmq2b1cbhgo3u9QOm3iRQR3B_QlZTE	2025-01-07 18:27:10.922791+02	2025-01-14 18:27:10+02	39	788ebffc5fb44a4bba549d420d262086
70	eyJhbGciOiJIUzI1NiIsInR5cCI6IkpXVCJ9.eyJ0b2tlbl90eXBlIjoicmVmcmVzaCIsImV4cCI6MTczNjk0MzU0NiwiaWF0IjoxNzM2MzM4NzQ2LCJqdGkiOiJjY2U3NzZkZGI0MzA0ZWZmODdlMWEwOGNmYjk1NzhiNyIsInVzZXJfaWQiOjIyfQ.d3ReJ7g1cdnWczrlR3uYJXkG3lOZOu6bg6ZmmvmGtkE	2025-01-08 14:19:06.243377+02	2025-01-15 14:19:06+02	22	cce776ddb4304eff87e1a08cfb9578b7
\.


--
-- TOC entry 3788 (class 0 OID 0)
-- Dependencies: 221
-- Name: auth_group_id_seq; Type: SEQUENCE SET; Schema: public; Owner: postgres
--

SELECT pg_catalog.setval('public.auth_group_id_seq', 1, false);


--
-- TOC entry 3789 (class 0 OID 0)
-- Dependencies: 223
-- Name: auth_group_permissions_id_seq; Type: SEQUENCE SET; Schema: public; Owner: postgres
--

SELECT pg_catalog.setval('public.auth_group_permissions_id_seq', 1, false);


--
-- TOC entry 3790 (class 0 OID 0)
-- Dependencies: 219
-- Name: auth_permission_id_seq; Type: SEQUENCE SET; Schema: public; Owner: postgres
--

SELECT pg_catalog.setval('public.auth_permission_id_seq', 108, true);


--
-- TOC entry 3791 (class 0 OID 0)
-- Dependencies: 251
-- Name: django_admin_log_id_seq; Type: SEQUENCE SET; Schema: public; Owner: postgres
--

SELECT pg_catalog.setval('public.django_admin_log_id_seq', 3, true);


--
-- TOC entry 3792 (class 0 OID 0)
-- Dependencies: 217
-- Name: django_content_type_id_seq; Type: SEQUENCE SET; Schema: public; Owner: postgres
--

SELECT pg_catalog.setval('public.django_content_type_id_seq', 26, true);


--
-- TOC entry 3793 (class 0 OID 0)
-- Dependencies: 215
-- Name: django_migrations_id_seq; Type: SEQUENCE SET; Schema: public; Owner: postgres
--

SELECT pg_catalog.setval('public.django_migrations_id_seq', 76, true);


--
-- TOC entry 3794 (class 0 OID 0)
-- Dependencies: 258
-- Name: rapair_db_competition_id_seq; Type: SEQUENCE SET; Schema: public; Owner: postgres
--

SELECT pg_catalog.setval('public.rapair_db_competition_id_seq', 1, true);


--
-- TOC entry 3795 (class 0 OID 0)
-- Dependencies: 225
-- Name: rapair_db_competitiongroup_id_seq; Type: SEQUENCE SET; Schema: public; Owner: postgres
--

SELECT pg_catalog.setval('public.rapair_db_competitiongroup_id_seq', 1, false);


--
-- TOC entry 3796 (class 0 OID 0)
-- Dependencies: 235
-- Name: rapair_db_judgeuser_id_seq; Type: SEQUENCE SET; Schema: public; Owner: postgres
--

SELECT pg_catalog.setval('public.rapair_db_judgeuser_id_seq', 7, true);


--
-- TOC entry 3797 (class 0 OID 0)
-- Dependencies: 227
-- Name: rapair_db_organization_id_seq; Type: SEQUENCE SET; Schema: public; Owner: postgres
--

SELECT pg_catalog.setval('public.rapair_db_organization_id_seq', 24, true);


--
-- TOC entry 3798 (class 0 OID 0)
-- Dependencies: 237
-- Name: rapair_db_organizationcontact_id_seq; Type: SEQUENCE SET; Schema: public; Owner: postgres
--

SELECT pg_catalog.setval('public.rapair_db_organizationcontact_id_seq', 16, true);


--
-- TOC entry 3799 (class 0 OID 0)
-- Dependencies: 239
-- Name: rapair_db_team_id_seq; Type: SEQUENCE SET; Schema: public; Owner: postgres
--

SELECT pg_catalog.setval('public.rapair_db_team_id_seq', 13, true);


--
-- TOC entry 3800 (class 0 OID 0)
-- Dependencies: 241
-- Name: rapair_db_teamcoach_id_seq; Type: SEQUENCE SET; Schema: public; Owner: postgres
--

SELECT pg_catalog.setval('public.rapair_db_teamcoach_id_seq', 2, true);


--
-- TOC entry 3801 (class 0 OID 0)
-- Dependencies: 243
-- Name: rapair_db_teamgroup_id_seq; Type: SEQUENCE SET; Schema: public; Owner: postgres
--

SELECT pg_catalog.setval('public.rapair_db_teamgroup_id_seq', 1, false);


--
-- TOC entry 3802 (class 0 OID 0)
-- Dependencies: 260
-- Name: rapair_db_teammember_id_seq; Type: SEQUENCE SET; Schema: public; Owner: postgres
--

SELECT pg_catalog.setval('public.rapair_db_teammember_id_seq', 1, false);


--
-- TOC entry 3803 (class 0 OID 0)
-- Dependencies: 245
-- Name: rapair_db_teampreviouscompetition_id_seq; Type: SEQUENCE SET; Schema: public; Owner: postgres
--

SELECT pg_catalog.setval('public.rapair_db_teampreviouscompetition_id_seq', 2, true);


--
-- TOC entry 3804 (class 0 OID 0)
-- Dependencies: 247
-- Name: rapair_db_teamsocialmedia_id_seq; Type: SEQUENCE SET; Schema: public; Owner: postgres
--

SELECT pg_catalog.setval('public.rapair_db_teamsocialmedia_id_seq', 2, true);


--
-- TOC entry 3805 (class 0 OID 0)
-- Dependencies: 249
-- Name: rapair_db_teamsponsor_id_seq; Type: SEQUENCE SET; Schema: public; Owner: postgres
--

SELECT pg_catalog.setval('public.rapair_db_teamsponsor_id_seq', 2, true);


--
-- TOC entry 3806 (class 0 OID 0)
-- Dependencies: 231
-- Name: rapair_db_user_groups_id_seq; Type: SEQUENCE SET; Schema: public; Owner: postgres
--

SELECT pg_catalog.setval('public.rapair_db_user_groups_id_seq', 1, false);


--
-- TOC entry 3807 (class 0 OID 0)
-- Dependencies: 229
-- Name: rapair_db_user_id_seq; Type: SEQUENCE SET; Schema: public; Owner: postgres
--

SELECT pg_catalog.setval('public.rapair_db_user_id_seq', 41, true);


--
-- TOC entry 3808 (class 0 OID 0)
-- Dependencies: 233
-- Name: rapair_db_user_user_permissions_id_seq; Type: SEQUENCE SET; Schema: public; Owner: postgres
--

SELECT pg_catalog.setval('public.rapair_db_user_user_permissions_id_seq', 1, false);


--
-- TOC entry 3809 (class 0 OID 0)
-- Dependencies: 262
-- Name: rapair_db_verifycode_id_seq; Type: SEQUENCE SET; Schema: public; Owner: postgres
--

SELECT pg_catalog.setval('public.rapair_db_verifycode_id_seq', 1, true);


--
-- TOC entry 3810 (class 0 OID 0)
-- Dependencies: 264
-- Name: social_auth_association_id_seq; Type: SEQUENCE SET; Schema: public; Owner: postgres
--

SELECT pg_catalog.setval('public.social_auth_association_id_seq', 1, false);


--
-- TOC entry 3811 (class 0 OID 0)
-- Dependencies: 266
-- Name: social_auth_code_id_seq; Type: SEQUENCE SET; Schema: public; Owner: postgres
--

SELECT pg_catalog.setval('public.social_auth_code_id_seq', 1, false);


--
-- TOC entry 3812 (class 0 OID 0)
-- Dependencies: 268
-- Name: social_auth_nonce_id_seq; Type: SEQUENCE SET; Schema: public; Owner: postgres
--

SELECT pg_catalog.setval('public.social_auth_nonce_id_seq', 1, false);


--
-- TOC entry 3813 (class 0 OID 0)
-- Dependencies: 272
-- Name: social_auth_partial_id_seq; Type: SEQUENCE SET; Schema: public; Owner: postgres
--

SELECT pg_catalog.setval('public.social_auth_partial_id_seq', 1, false);


--
-- TOC entry 3814 (class 0 OID 0)
-- Dependencies: 270
-- Name: social_auth_usersocialauth_id_seq; Type: SEQUENCE SET; Schema: public; Owner: postgres
--

SELECT pg_catalog.setval('public.social_auth_usersocialauth_id_seq', 1, false);


--
-- TOC entry 3815 (class 0 OID 0)
-- Dependencies: 254
-- Name: token_blacklist_blacklistedtoken_id_seq; Type: SEQUENCE SET; Schema: public; Owner: postgres
--

SELECT pg_catalog.setval('public.token_blacklist_blacklistedtoken_id_seq', 1, false);


--
-- TOC entry 3816 (class 0 OID 0)
-- Dependencies: 256
-- Name: token_blacklist_outstandingtoken_id_seq; Type: SEQUENCE SET; Schema: public; Owner: postgres
--

SELECT pg_catalog.setval('public.token_blacklist_outstandingtoken_id_seq', 70, true);


--
-- TOC entry 3380 (class 2606 OID 17395)
-- Name: auth_group auth_group_name_key; Type: CONSTRAINT; Schema: public; Owner: postgres
--

ALTER TABLE ONLY public.auth_group
    ADD CONSTRAINT auth_group_name_key UNIQUE (name);


--
-- TOC entry 3385 (class 2606 OID 17381)
-- Name: auth_group_permissions auth_group_permissions_group_id_permission_id_0cd325b0_uniq; Type: CONSTRAINT; Schema: public; Owner: postgres
--

ALTER TABLE ONLY public.auth_group_permissions
    ADD CONSTRAINT auth_group_permissions_group_id_permission_id_0cd325b0_uniq UNIQUE (group_id, permission_id);


--
-- TOC entry 3388 (class 2606 OID 17370)
-- Name: auth_group_permissions auth_group_permissions_pkey; Type: CONSTRAINT; Schema: public; Owner: postgres
--

ALTER TABLE ONLY public.auth_group_permissions
    ADD CONSTRAINT auth_group_permissions_pkey PRIMARY KEY (id);


--
-- TOC entry 3382 (class 2606 OID 17362)
-- Name: auth_group auth_group_pkey; Type: CONSTRAINT; Schema: public; Owner: postgres
--

ALTER TABLE ONLY public.auth_group
    ADD CONSTRAINT auth_group_pkey PRIMARY KEY (id);


--
-- TOC entry 3375 (class 2606 OID 17372)
-- Name: auth_permission auth_permission_content_type_id_codename_01ab375a_uniq; Type: CONSTRAINT; Schema: public; Owner: postgres
--

ALTER TABLE ONLY public.auth_permission
    ADD CONSTRAINT auth_permission_content_type_id_codename_01ab375a_uniq UNIQUE (content_type_id, codename);


--
-- TOC entry 3377 (class 2606 OID 17356)
-- Name: auth_permission auth_permission_pkey; Type: CONSTRAINT; Schema: public; Owner: postgres
--

ALTER TABLE ONLY public.auth_permission
    ADD CONSTRAINT auth_permission_pkey PRIMARY KEY (id);


--
-- TOC entry 3488 (class 2606 OID 17625)
-- Name: django_admin_log django_admin_log_pkey; Type: CONSTRAINT; Schema: public; Owner: postgres
--

ALTER TABLE ONLY public.django_admin_log
    ADD CONSTRAINT django_admin_log_pkey PRIMARY KEY (id);


--
-- TOC entry 3370 (class 2606 OID 17350)
-- Name: django_content_type django_content_type_app_label_model_76bd3d3b_uniq; Type: CONSTRAINT; Schema: public; Owner: postgres
--

ALTER TABLE ONLY public.django_content_type
    ADD CONSTRAINT django_content_type_app_label_model_76bd3d3b_uniq UNIQUE (app_label, model);


--
-- TOC entry 3372 (class 2606 OID 17348)
-- Name: django_content_type django_content_type_pkey; Type: CONSTRAINT; Schema: public; Owner: postgres
--

ALTER TABLE ONLY public.django_content_type
    ADD CONSTRAINT django_content_type_pkey PRIMARY KEY (id);


--
-- TOC entry 3368 (class 2606 OID 17342)
-- Name: django_migrations django_migrations_pkey; Type: CONSTRAINT; Schema: public; Owner: postgres
--

ALTER TABLE ONLY public.django_migrations
    ADD CONSTRAINT django_migrations_pkey PRIMARY KEY (id);


--
-- TOC entry 3492 (class 2606 OID 17644)
-- Name: django_session django_session_pkey; Type: CONSTRAINT; Schema: public; Owner: postgres
--

ALTER TABLE ONLY public.django_session
    ADD CONSTRAINT django_session_pkey PRIMARY KEY (session_key);


--
-- TOC entry 3506 (class 2606 OID 25984)
-- Name: rapair_db_competition rapair_db_competition_name_key; Type: CONSTRAINT; Schema: public; Owner: postgres
--

ALTER TABLE ONLY public.rapair_db_competition
    ADD CONSTRAINT rapair_db_competition_name_key UNIQUE (name);


--
-- TOC entry 3508 (class 2606 OID 25982)
-- Name: rapair_db_competition rapair_db_competition_pkey; Type: CONSTRAINT; Schema: public; Owner: postgres
--

ALTER TABLE ONLY public.rapair_db_competition
    ADD CONSTRAINT rapair_db_competition_pkey PRIMARY KEY (id);


--
-- TOC entry 3391 (class 2606 OID 17405)
-- Name: rapair_db_competitiongroup rapair_db_competitiongroup_name_key; Type: CONSTRAINT; Schema: public; Owner: postgres
--

ALTER TABLE ONLY public.rapair_db_competitiongroup
    ADD CONSTRAINT rapair_db_competitiongroup_name_key UNIQUE (name);


--
-- TOC entry 3393 (class 2606 OID 17403)
-- Name: rapair_db_competitiongroup rapair_db_competitiongroup_pkey; Type: CONSTRAINT; Schema: public; Owner: postgres
--

ALTER TABLE ONLY public.rapair_db_competitiongroup
    ADD CONSTRAINT rapair_db_competitiongroup_pkey PRIMARY KEY (id);


--
-- TOC entry 3427 (class 2606 OID 17447)
-- Name: rapair_db_judgeuser rapair_db_judgeuser_pkey; Type: CONSTRAINT; Schema: public; Owner: postgres
--

ALTER TABLE ONLY public.rapair_db_judgeuser
    ADD CONSTRAINT rapair_db_judgeuser_pkey PRIMARY KEY (id);


--
-- TOC entry 3429 (class 2606 OID 17449)
-- Name: rapair_db_judgeuser rapair_db_judgeuser_user_id_key; Type: CONSTRAINT; Schema: public; Owner: postgres
--

ALTER TABLE ONLY public.rapair_db_judgeuser
    ADD CONSTRAINT rapair_db_judgeuser_user_id_key UNIQUE (user_id);


--
-- TOC entry 3396 (class 2606 OID 25917)
-- Name: rapair_db_organization rapair_db_organization_email_key; Type: CONSTRAINT; Schema: public; Owner: postgres
--

ALTER TABLE ONLY public.rapair_db_organization
    ADD CONSTRAINT rapair_db_organization_email_key UNIQUE (email);


--
-- TOC entry 3399 (class 2606 OID 17415)
-- Name: rapair_db_organization rapair_db_organization_name_key; Type: CONSTRAINT; Schema: public; Owner: postgres
--

ALTER TABLE ONLY public.rapair_db_organization
    ADD CONSTRAINT rapair_db_organization_name_key UNIQUE (name);


--
-- TOC entry 3401 (class 2606 OID 17413)
-- Name: rapair_db_organization rapair_db_organization_pkey; Type: CONSTRAINT; Schema: public; Owner: postgres
--

ALTER TABLE ONLY public.rapair_db_organization
    ADD CONSTRAINT rapair_db_organization_pkey PRIMARY KEY (id);


--
-- TOC entry 3433 (class 2606 OID 17457)
-- Name: rapair_db_organizationcontact rapair_db_organizationcontact_phone_number_key; Type: CONSTRAINT; Schema: public; Owner: postgres
--

ALTER TABLE ONLY public.rapair_db_organizationcontact
    ADD CONSTRAINT rapair_db_organizationcontact_phone_number_key UNIQUE (phone_number);


--
-- TOC entry 3435 (class 2606 OID 17455)
-- Name: rapair_db_organizationcontact rapair_db_organizationcontact_pkey; Type: CONSTRAINT; Schema: public; Owner: postgres
--

ALTER TABLE ONLY public.rapair_db_organizationcontact
    ADD CONSTRAINT rapair_db_organizationcontact_pkey PRIMARY KEY (id);


--
-- TOC entry 3439 (class 2606 OID 17467)
-- Name: rapair_db_team rapair_db_team_name_key; Type: CONSTRAINT; Schema: public; Owner: postgres
--

ALTER TABLE ONLY public.rapair_db_team
    ADD CONSTRAINT rapair_db_team_name_key UNIQUE (name);


--
-- TOC entry 3442 (class 2606 OID 17465)
-- Name: rapair_db_team rapair_db_team_pkey; Type: CONSTRAINT; Schema: public; Owner: postgres
--

ALTER TABLE ONLY public.rapair_db_team
    ADD CONSTRAINT rapair_db_team_pkey PRIMARY KEY (id);


--
-- TOC entry 3445 (class 2606 OID 17471)
-- Name: rapair_db_team rapair_db_team_robot_name_key; Type: CONSTRAINT; Schema: public; Owner: postgres
--

ALTER TABLE ONLY public.rapair_db_team
    ADD CONSTRAINT rapair_db_team_robot_name_key UNIQUE (robot_name);


--
-- TOC entry 3448 (class 2606 OID 17473)
-- Name: rapair_db_team rapair_db_team_team_leader_email_key; Type: CONSTRAINT; Schema: public; Owner: postgres
--

ALTER TABLE ONLY public.rapair_db_team
    ADD CONSTRAINT rapair_db_team_team_leader_email_key UNIQUE (team_leader_email);


--
-- TOC entry 3451 (class 2606 OID 17475)
-- Name: rapair_db_team rapair_db_team_team_leader_phone_number_key; Type: CONSTRAINT; Schema: public; Owner: postgres
--

ALTER TABLE ONLY public.rapair_db_team
    ADD CONSTRAINT rapair_db_team_team_leader_phone_number_key UNIQUE (team_leader_phone_number);


--
-- TOC entry 3455 (class 2606 OID 17485)
-- Name: rapair_db_teamcoach rapair_db_teamcoach_coach_email_key; Type: CONSTRAINT; Schema: public; Owner: postgres
--

ALTER TABLE ONLY public.rapair_db_teamcoach
    ADD CONSTRAINT rapair_db_teamcoach_coach_email_key UNIQUE (email);


--
-- TOC entry 3458 (class 2606 OID 17487)
-- Name: rapair_db_teamcoach rapair_db_teamcoach_coach_phone_number_key; Type: CONSTRAINT; Schema: public; Owner: postgres
--

ALTER TABLE ONLY public.rapair_db_teamcoach
    ADD CONSTRAINT rapair_db_teamcoach_coach_phone_number_key UNIQUE (phone_number);


--
-- TOC entry 3460 (class 2606 OID 17483)
-- Name: rapair_db_teamcoach rapair_db_teamcoach_pkey; Type: CONSTRAINT; Schema: public; Owner: postgres
--

ALTER TABLE ONLY public.rapair_db_teamcoach
    ADD CONSTRAINT rapair_db_teamcoach_pkey PRIMARY KEY (id);


--
-- TOC entry 3466 (class 2606 OID 17493)
-- Name: rapair_db_teamgroup rapair_db_teamgroup_pkey; Type: CONSTRAINT; Schema: public; Owner: postgres
--

ALTER TABLE ONLY public.rapair_db_teamgroup
    ADD CONSTRAINT rapair_db_teamgroup_pkey PRIMARY KEY (id);


--
-- TOC entry 3511 (class 2606 OID 26049)
-- Name: rapair_db_teammember rapair_db_teammember_email_key; Type: CONSTRAINT; Schema: public; Owner: postgres
--

ALTER TABLE ONLY public.rapair_db_teammember
    ADD CONSTRAINT rapair_db_teammember_email_key UNIQUE (email);


--
-- TOC entry 3514 (class 2606 OID 26051)
-- Name: rapair_db_teammember rapair_db_teammember_phone_number_key; Type: CONSTRAINT; Schema: public; Owner: postgres
--

ALTER TABLE ONLY public.rapair_db_teammember
    ADD CONSTRAINT rapair_db_teammember_phone_number_key UNIQUE (phone_number);


--
-- TOC entry 3516 (class 2606 OID 26047)
-- Name: rapair_db_teammember rapair_db_teammember_pkey; Type: CONSTRAINT; Schema: public; Owner: postgres
--

ALTER TABLE ONLY public.rapair_db_teammember
    ADD CONSTRAINT rapair_db_teammember_pkey PRIMARY KEY (id);


--
-- TOC entry 3469 (class 2606 OID 17499)
-- Name: rapair_db_teampreviouscompetition rapair_db_teampreviouscompetition_pkey; Type: CONSTRAINT; Schema: public; Owner: postgres
--

ALTER TABLE ONLY public.rapair_db_teampreviouscompetition
    ADD CONSTRAINT rapair_db_teampreviouscompetition_pkey PRIMARY KEY (id);


--
-- TOC entry 3474 (class 2606 OID 17505)
-- Name: rapair_db_teamsocialmedia rapair_db_teamsocialmedia_pkey; Type: CONSTRAINT; Schema: public; Owner: postgres
--

ALTER TABLE ONLY public.rapair_db_teamsocialmedia
    ADD CONSTRAINT rapair_db_teamsocialmedia_pkey PRIMARY KEY (id);


--
-- TOC entry 3480 (class 2606 OID 26030)
-- Name: rapair_db_teamsponsor rapair_db_teamsponsor_email_key; Type: CONSTRAINT; Schema: public; Owner: postgres
--

ALTER TABLE ONLY public.rapair_db_teamsponsor
    ADD CONSTRAINT rapair_db_teamsponsor_email_key UNIQUE (email);


--
-- TOC entry 3482 (class 2606 OID 17511)
-- Name: rapair_db_teamsponsor rapair_db_teamsponsor_pkey; Type: CONSTRAINT; Schema: public; Owner: postgres
--

ALTER TABLE ONLY public.rapair_db_teamsponsor
    ADD CONSTRAINT rapair_db_teamsponsor_pkey PRIMARY KEY (id);


--
-- TOC entry 3404 (class 2606 OID 17429)
-- Name: rapair_db_user rapair_db_user_email_key; Type: CONSTRAINT; Schema: public; Owner: postgres
--

ALTER TABLE ONLY public.rapair_db_user
    ADD CONSTRAINT rapair_db_user_email_key UNIQUE (email);


--
-- TOC entry 3415 (class 2606 OID 17435)
-- Name: rapair_db_user_groups rapair_db_user_groups_pkey; Type: CONSTRAINT; Schema: public; Owner: postgres
--

ALTER TABLE ONLY public.rapair_db_user_groups
    ADD CONSTRAINT rapair_db_user_groups_pkey PRIMARY KEY (id);


--
-- TOC entry 3418 (class 2606 OID 17518)
-- Name: rapair_db_user_groups rapair_db_user_groups_user_id_group_id_f7ebcffe_uniq; Type: CONSTRAINT; Schema: public; Owner: postgres
--

ALTER TABLE ONLY public.rapair_db_user_groups
    ADD CONSTRAINT rapair_db_user_groups_user_id_group_id_f7ebcffe_uniq UNIQUE (user_id, group_id);


--
-- TOC entry 3407 (class 2606 OID 17427)
-- Name: rapair_db_user rapair_db_user_phone_number_key; Type: CONSTRAINT; Schema: public; Owner: postgres
--

ALTER TABLE ONLY public.rapair_db_user
    ADD CONSTRAINT rapair_db_user_phone_number_key UNIQUE (phone_number);


--
-- TOC entry 3409 (class 2606 OID 17423)
-- Name: rapair_db_user rapair_db_user_pkey; Type: CONSTRAINT; Schema: public; Owner: postgres
--

ALTER TABLE ONLY public.rapair_db_user
    ADD CONSTRAINT rapair_db_user_pkey PRIMARY KEY (id);


--
-- TOC entry 3420 (class 2606 OID 17532)
-- Name: rapair_db_user_user_permissions rapair_db_user_user_perm_user_id_permission_id_d502d9a1_uniq; Type: CONSTRAINT; Schema: public; Owner: postgres
--

ALTER TABLE ONLY public.rapair_db_user_user_permissions
    ADD CONSTRAINT rapair_db_user_user_perm_user_id_permission_id_d502d9a1_uniq UNIQUE (user_id, permission_id);


--
-- TOC entry 3423 (class 2606 OID 17441)
-- Name: rapair_db_user_user_permissions rapair_db_user_user_permissions_pkey; Type: CONSTRAINT; Schema: public; Owner: postgres
--

ALTER TABLE ONLY public.rapair_db_user_user_permissions
    ADD CONSTRAINT rapair_db_user_user_permissions_pkey PRIMARY KEY (id);


--
-- TOC entry 3412 (class 2606 OID 17425)
-- Name: rapair_db_user rapair_db_user_username_key; Type: CONSTRAINT; Schema: public; Owner: postgres
--

ALTER TABLE ONLY public.rapair_db_user
    ADD CONSTRAINT rapair_db_user_username_key UNIQUE (username);


--
-- TOC entry 3522 (class 2606 OID 26316)
-- Name: rapair_db_verificationcode rapair_db_verifycode_code_key; Type: CONSTRAINT; Schema: public; Owner: postgres
--

ALTER TABLE ONLY public.rapair_db_verificationcode
    ADD CONSTRAINT rapair_db_verifycode_code_key UNIQUE (code);


--
-- TOC entry 3524 (class 2606 OID 26314)
-- Name: rapair_db_verificationcode rapair_db_verifycode_pkey; Type: CONSTRAINT; Schema: public; Owner: postgres
--

ALTER TABLE ONLY public.rapair_db_verificationcode
    ADD CONSTRAINT rapair_db_verifycode_pkey PRIMARY KEY (id);


--
-- TOC entry 3529 (class 2606 OID 26393)
-- Name: social_auth_association social_auth_association_pkey; Type: CONSTRAINT; Schema: public; Owner: postgres
--

ALTER TABLE ONLY public.social_auth_association
    ADD CONSTRAINT social_auth_association_pkey PRIMARY KEY (id);


--
-- TOC entry 3531 (class 2606 OID 26371)
-- Name: social_auth_association social_auth_association_server_url_handle_078befa2_uniq; Type: CONSTRAINT; Schema: public; Owner: postgres
--

ALTER TABLE ONLY public.social_auth_association
    ADD CONSTRAINT social_auth_association_server_url_handle_078befa2_uniq UNIQUE (server_url, handle);


--
-- TOC entry 3535 (class 2606 OID 26369)
-- Name: social_auth_code social_auth_code_email_code_801b2d02_uniq; Type: CONSTRAINT; Schema: public; Owner: postgres
--

ALTER TABLE ONLY public.social_auth_code
    ADD CONSTRAINT social_auth_code_email_code_801b2d02_uniq UNIQUE (email, code);


--
-- TOC entry 3537 (class 2606 OID 26404)
-- Name: social_auth_code social_auth_code_pkey; Type: CONSTRAINT; Schema: public; Owner: postgres
--

ALTER TABLE ONLY public.social_auth_code
    ADD CONSTRAINT social_auth_code_pkey PRIMARY KEY (id);


--
-- TOC entry 3540 (class 2606 OID 26416)
-- Name: social_auth_nonce social_auth_nonce_pkey; Type: CONSTRAINT; Schema: public; Owner: postgres
--

ALTER TABLE ONLY public.social_auth_nonce
    ADD CONSTRAINT social_auth_nonce_pkey PRIMARY KEY (id);


--
-- TOC entry 3542 (class 2606 OID 26359)
-- Name: social_auth_nonce social_auth_nonce_server_url_timestamp_salt_f6284463_uniq; Type: CONSTRAINT; Schema: public; Owner: postgres
--

ALTER TABLE ONLY public.social_auth_nonce
    ADD CONSTRAINT social_auth_nonce_server_url_timestamp_salt_f6284463_uniq UNIQUE (server_url, "timestamp", salt);


--
-- TOC entry 3551 (class 2606 OID 26425)
-- Name: social_auth_partial social_auth_partial_pkey; Type: CONSTRAINT; Schema: public; Owner: postgres
--

ALTER TABLE ONLY public.social_auth_partial
    ADD CONSTRAINT social_auth_partial_pkey PRIMARY KEY (id);


--
-- TOC entry 3544 (class 2606 OID 26438)
-- Name: social_auth_usersocialauth social_auth_usersocialauth_pkey; Type: CONSTRAINT; Schema: public; Owner: postgres
--

ALTER TABLE ONLY public.social_auth_usersocialauth
    ADD CONSTRAINT social_auth_usersocialauth_pkey PRIMARY KEY (id);


--
-- TOC entry 3546 (class 2606 OID 26355)
-- Name: social_auth_usersocialauth social_auth_usersocialauth_provider_uid_e6b5e668_uniq; Type: CONSTRAINT; Schema: public; Owner: postgres
--

ALTER TABLE ONLY public.social_auth_usersocialauth
    ADD CONSTRAINT social_auth_usersocialauth_provider_uid_e6b5e668_uniq UNIQUE (provider, uid);


--
-- TOC entry 3495 (class 2606 OID 17687)
-- Name: token_blacklist_blacklistedtoken token_blacklist_blacklistedtoken_pkey; Type: CONSTRAINT; Schema: public; Owner: postgres
--

ALTER TABLE ONLY public.token_blacklist_blacklistedtoken
    ADD CONSTRAINT token_blacklist_blacklistedtoken_pkey PRIMARY KEY (id);


--
-- TOC entry 3497 (class 2606 OID 17708)
-- Name: token_blacklist_blacklistedtoken token_blacklist_blacklistedtoken_token_id_key; Type: CONSTRAINT; Schema: public; Owner: postgres
--

ALTER TABLE ONLY public.token_blacklist_blacklistedtoken
    ADD CONSTRAINT token_blacklist_blacklistedtoken_token_id_key UNIQUE (token_id);


--
-- TOC entry 3500 (class 2606 OID 17678)
-- Name: token_blacklist_outstandingtoken token_blacklist_outstandingtoken_jti_hex_d9bdf6f7_uniq; Type: CONSTRAINT; Schema: public; Owner: postgres
--

ALTER TABLE ONLY public.token_blacklist_outstandingtoken
    ADD CONSTRAINT token_blacklist_outstandingtoken_jti_hex_d9bdf6f7_uniq UNIQUE (jti);


--
-- TOC entry 3502 (class 2606 OID 17696)
-- Name: token_blacklist_outstandingtoken token_blacklist_outstandingtoken_pkey; Type: CONSTRAINT; Schema: public; Owner: postgres
--

ALTER TABLE ONLY public.token_blacklist_outstandingtoken
    ADD CONSTRAINT token_blacklist_outstandingtoken_pkey PRIMARY KEY (id);


--
-- TOC entry 3463 (class 2606 OID 26021)
-- Name: rapair_db_teamcoach unique_coach; Type: CONSTRAINT; Schema: public; Owner: postgres
--

ALTER TABLE ONLY public.rapair_db_teamcoach
    ADD CONSTRAINT unique_coach UNIQUE (team_id, name);


--
-- TOC entry 3527 (class 2606 OID 26318)
-- Name: rapair_db_verificationcode unique_code; Type: CONSTRAINT; Schema: public; Owner: postgres
--

ALTER TABLE ONLY public.rapair_db_verificationcode
    ADD CONSTRAINT unique_code UNIQUE (user_id, id);


--
-- TOC entry 3472 (class 2606 OID 26023)
-- Name: rapair_db_teampreviouscompetition unique_competition; Type: CONSTRAINT; Schema: public; Owner: postgres
--

ALTER TABLE ONLY public.rapair_db_teampreviouscompetition
    ADD CONSTRAINT unique_competition UNIQUE (team_id, name);


--
-- TOC entry 3519 (class 2606 OID 26053)
-- Name: rapair_db_teammember unique_member; Type: CONSTRAINT; Schema: public; Owner: postgres
--

ALTER TABLE ONLY public.rapair_db_teammember
    ADD CONSTRAINT unique_member UNIQUE (team_id, name);


--
-- TOC entry 3477 (class 2606 OID 26025)
-- Name: rapair_db_teamsocialmedia unique_platform; Type: CONSTRAINT; Schema: public; Owner: postgres
--

ALTER TABLE ONLY public.rapair_db_teamsocialmedia
    ADD CONSTRAINT unique_platform UNIQUE (team_id, platform, url);


--
-- TOC entry 3485 (class 2606 OID 26027)
-- Name: rapair_db_teamsponsor unique_sponsor; Type: CONSTRAINT; Schema: public; Owner: postgres
--

ALTER TABLE ONLY public.rapair_db_teamsponsor
    ADD CONSTRAINT unique_sponsor UNIQUE (team_id, name);


--
-- TOC entry 3378 (class 1259 OID 17396)
-- Name: auth_group_name_a6ea08ec_like; Type: INDEX; Schema: public; Owner: postgres
--

CREATE INDEX auth_group_name_a6ea08ec_like ON public.auth_group USING btree (name varchar_pattern_ops);


--
-- TOC entry 3383 (class 1259 OID 17392)
-- Name: auth_group_permissions_group_id_b120cbf9; Type: INDEX; Schema: public; Owner: postgres
--

CREATE INDEX auth_group_permissions_group_id_b120cbf9 ON public.auth_group_permissions USING btree (group_id);


--
-- TOC entry 3386 (class 1259 OID 17393)
-- Name: auth_group_permissions_permission_id_84c5c92e; Type: INDEX; Schema: public; Owner: postgres
--

CREATE INDEX auth_group_permissions_permission_id_84c5c92e ON public.auth_group_permissions USING btree (permission_id);


--
-- TOC entry 3373 (class 1259 OID 17378)
-- Name: auth_permission_content_type_id_2f476e4b; Type: INDEX; Schema: public; Owner: postgres
--

CREATE INDEX auth_permission_content_type_id_2f476e4b ON public.auth_permission USING btree (content_type_id);


--
-- TOC entry 3486 (class 1259 OID 17636)
-- Name: django_admin_log_content_type_id_c4bce8eb; Type: INDEX; Schema: public; Owner: postgres
--

CREATE INDEX django_admin_log_content_type_id_c4bce8eb ON public.django_admin_log USING btree (content_type_id);


--
-- TOC entry 3489 (class 1259 OID 17637)
-- Name: django_admin_log_user_id_c564eba6; Type: INDEX; Schema: public; Owner: postgres
--

CREATE INDEX django_admin_log_user_id_c564eba6 ON public.django_admin_log USING btree (user_id);


--
-- TOC entry 3490 (class 1259 OID 17646)
-- Name: django_session_expire_date_a5c62663; Type: INDEX; Schema: public; Owner: postgres
--

CREATE INDEX django_session_expire_date_a5c62663 ON public.django_session USING btree (expire_date);


--
-- TOC entry 3493 (class 1259 OID 17645)
-- Name: django_session_session_key_c0390e0f_like; Type: INDEX; Schema: public; Owner: postgres
--

CREATE INDEX django_session_session_key_c0390e0f_like ON public.django_session USING btree (session_key varchar_pattern_ops);


--
-- TOC entry 3504 (class 1259 OID 25990)
-- Name: rapair_db_competition_name_98c3c01c_like; Type: INDEX; Schema: public; Owner: postgres
--

CREATE INDEX rapair_db_competition_name_98c3c01c_like ON public.rapair_db_competition USING btree (name varchar_pattern_ops);


--
-- TOC entry 3389 (class 1259 OID 17512)
-- Name: rapair_db_competitiongroup_name_806df34c_like; Type: INDEX; Schema: public; Owner: postgres
--

CREATE INDEX rapair_db_competitiongroup_name_806df34c_like ON public.rapair_db_competitiongroup USING btree (name varchar_pattern_ops);


--
-- TOC entry 3425 (class 1259 OID 17555)
-- Name: rapair_db_judgeuser_group_id_b079c490; Type: INDEX; Schema: public; Owner: postgres
--

CREATE INDEX rapair_db_judgeuser_group_id_b079c490 ON public.rapair_db_judgeuser USING btree (group_id);


--
-- TOC entry 3394 (class 1259 OID 25918)
-- Name: rapair_db_organization_email_8f0e7d35_like; Type: INDEX; Schema: public; Owner: postgres
--

CREATE INDEX rapair_db_organization_email_8f0e7d35_like ON public.rapair_db_organization USING btree (email varchar_pattern_ops);


--
-- TOC entry 3397 (class 1259 OID 17513)
-- Name: rapair_db_organization_name_66a31945_like; Type: INDEX; Schema: public; Owner: postgres
--

CREATE INDEX rapair_db_organization_name_66a31945_like ON public.rapair_db_organization USING btree (name varchar_pattern_ops);


--
-- TOC entry 3430 (class 1259 OID 17562)
-- Name: rapair_db_organizationcontact_organization_id_id_10254b99; Type: INDEX; Schema: public; Owner: postgres
--

CREATE INDEX rapair_db_organizationcontact_organization_id_id_10254b99 ON public.rapair_db_organizationcontact USING btree (organization_id);


--
-- TOC entry 3431 (class 1259 OID 17561)
-- Name: rapair_db_organizationcontact_phone_number_f1be0992_like; Type: INDEX; Schema: public; Owner: postgres
--

CREATE INDEX rapair_db_organizationcontact_phone_number_f1be0992_like ON public.rapair_db_organizationcontact USING btree (phone_number varchar_pattern_ops);


--
-- TOC entry 3436 (class 1259 OID 25991)
-- Name: rapair_db_team_competition_id_ae217dde; Type: INDEX; Schema: public; Owner: postgres
--

CREATE INDEX rapair_db_team_competition_id_ae217dde ON public.rapair_db_team USING btree (competition_id);


--
-- TOC entry 3437 (class 1259 OID 17573)
-- Name: rapair_db_team_name_460e0d38_like; Type: INDEX; Schema: public; Owner: postgres
--

CREATE INDEX rapair_db_team_name_460e0d38_like ON public.rapair_db_team USING btree (name varchar_pattern_ops);


--
-- TOC entry 3440 (class 1259 OID 17577)
-- Name: rapair_db_team_organization_id_id_cc84400a; Type: INDEX; Schema: public; Owner: postgres
--

CREATE INDEX rapair_db_team_organization_id_id_cc84400a ON public.rapair_db_team USING btree (organization_id);


--
-- TOC entry 3443 (class 1259 OID 17574)
-- Name: rapair_db_team_robot_name_6f22177a_like; Type: INDEX; Schema: public; Owner: postgres
--

CREATE INDEX rapair_db_team_robot_name_6f22177a_like ON public.rapair_db_team USING btree (robot_name varchar_pattern_ops);


--
-- TOC entry 3446 (class 1259 OID 17575)
-- Name: rapair_db_team_team_leader_email_2a15f67c_like; Type: INDEX; Schema: public; Owner: postgres
--

CREATE INDEX rapair_db_team_team_leader_email_2a15f67c_like ON public.rapair_db_team USING btree (team_leader_email varchar_pattern_ops);


--
-- TOC entry 3449 (class 1259 OID 17576)
-- Name: rapair_db_team_team_leader_phone_number_230ab3e8_like; Type: INDEX; Schema: public; Owner: postgres
--

CREATE INDEX rapair_db_team_team_leader_phone_number_230ab3e8_like ON public.rapair_db_team USING btree (team_leader_phone_number varchar_pattern_ops);


--
-- TOC entry 3452 (class 1259 OID 17578)
-- Name: rapair_db_team_user_id_id_486922fd; Type: INDEX; Schema: public; Owner: postgres
--

CREATE INDEX rapair_db_team_user_id_id_486922fd ON public.rapair_db_team USING btree (user_id);


--
-- TOC entry 3453 (class 1259 OID 17584)
-- Name: rapair_db_teamcoach_coach_email_db63b866_like; Type: INDEX; Schema: public; Owner: postgres
--

CREATE INDEX rapair_db_teamcoach_coach_email_db63b866_like ON public.rapair_db_teamcoach USING btree (email varchar_pattern_ops);


--
-- TOC entry 3456 (class 1259 OID 17585)
-- Name: rapair_db_teamcoach_coach_phone_number_561787ea_like; Type: INDEX; Schema: public; Owner: postgres
--

CREATE INDEX rapair_db_teamcoach_coach_phone_number_561787ea_like ON public.rapair_db_teamcoach USING btree (phone_number varchar_pattern_ops);


--
-- TOC entry 3461 (class 1259 OID 17586)
-- Name: rapair_db_teamcoach_team_id_id_4a259fde; Type: INDEX; Schema: public; Owner: postgres
--

CREATE INDEX rapair_db_teamcoach_team_id_id_4a259fde ON public.rapair_db_teamcoach USING btree (team_id);


--
-- TOC entry 3464 (class 1259 OID 17597)
-- Name: rapair_db_teamgroup_group_id_319c3028; Type: INDEX; Schema: public; Owner: postgres
--

CREATE INDEX rapair_db_teamgroup_group_id_319c3028 ON public.rapair_db_teamgroup USING btree (group_id);


--
-- TOC entry 3467 (class 1259 OID 17598)
-- Name: rapair_db_teamgroup_team_id_e79ab444; Type: INDEX; Schema: public; Owner: postgres
--

CREATE INDEX rapair_db_teamgroup_team_id_e79ab444 ON public.rapair_db_teamgroup USING btree (team_id);


--
-- TOC entry 3509 (class 1259 OID 26059)
-- Name: rapair_db_teammember_email_d65488c8_like; Type: INDEX; Schema: public; Owner: postgres
--

CREATE INDEX rapair_db_teammember_email_d65488c8_like ON public.rapair_db_teammember USING btree (email varchar_pattern_ops);


--
-- TOC entry 3512 (class 1259 OID 26060)
-- Name: rapair_db_teammember_phone_number_4f923b28_like; Type: INDEX; Schema: public; Owner: postgres
--

CREATE INDEX rapair_db_teammember_phone_number_4f923b28_like ON public.rapair_db_teammember USING btree (phone_number varchar_pattern_ops);


--
-- TOC entry 3517 (class 1259 OID 26061)
-- Name: rapair_db_teammember_team_id_5b753ac4; Type: INDEX; Schema: public; Owner: postgres
--

CREATE INDEX rapair_db_teammember_team_id_5b753ac4 ON public.rapair_db_teammember USING btree (team_id);


--
-- TOC entry 3470 (class 1259 OID 17604)
-- Name: rapair_db_teampreviouscompetition_team_id_id_145ad64f; Type: INDEX; Schema: public; Owner: postgres
--

CREATE INDEX rapair_db_teampreviouscompetition_team_id_id_145ad64f ON public.rapair_db_teampreviouscompetition USING btree (team_id);


--
-- TOC entry 3475 (class 1259 OID 17610)
-- Name: rapair_db_teamsocialmedia_team_id_id_6619013e; Type: INDEX; Schema: public; Owner: postgres
--

CREATE INDEX rapair_db_teamsocialmedia_team_id_id_6619013e ON public.rapair_db_teamsocialmedia USING btree (team_id);


--
-- TOC entry 3478 (class 1259 OID 26033)
-- Name: rapair_db_teamsponsor_email_b7792f22_like; Type: INDEX; Schema: public; Owner: postgres
--

CREATE INDEX rapair_db_teamsponsor_email_b7792f22_like ON public.rapair_db_teamsponsor USING btree (email varchar_pattern_ops);


--
-- TOC entry 3483 (class 1259 OID 17616)
-- Name: rapair_db_teamsponsor_team_id_id_7a3e4afc; Type: INDEX; Schema: public; Owner: postgres
--

CREATE INDEX rapair_db_teamsponsor_team_id_id_7a3e4afc ON public.rapair_db_teamsponsor USING btree (team_id);


--
-- TOC entry 3402 (class 1259 OID 17516)
-- Name: rapair_db_user_email_eae1d0c3_like; Type: INDEX; Schema: public; Owner: postgres
--

CREATE INDEX rapair_db_user_email_eae1d0c3_like ON public.rapair_db_user USING btree (email varchar_pattern_ops);


--
-- TOC entry 3413 (class 1259 OID 17530)
-- Name: rapair_db_user_groups_group_id_ee5402b8; Type: INDEX; Schema: public; Owner: postgres
--

CREATE INDEX rapair_db_user_groups_group_id_ee5402b8 ON public.rapair_db_user_groups USING btree (group_id);


--
-- TOC entry 3416 (class 1259 OID 17529)
-- Name: rapair_db_user_groups_user_id_bf6a4368; Type: INDEX; Schema: public; Owner: postgres
--

CREATE INDEX rapair_db_user_groups_user_id_bf6a4368 ON public.rapair_db_user_groups USING btree (user_id);


--
-- TOC entry 3405 (class 1259 OID 17515)
-- Name: rapair_db_user_phone_number_dbebc3a6_like; Type: INDEX; Schema: public; Owner: postgres
--

CREATE INDEX rapair_db_user_phone_number_dbebc3a6_like ON public.rapair_db_user USING btree (phone_number varchar_pattern_ops);


--
-- TOC entry 3421 (class 1259 OID 17544)
-- Name: rapair_db_user_user_permissions_permission_id_758f18c8; Type: INDEX; Schema: public; Owner: postgres
--

CREATE INDEX rapair_db_user_user_permissions_permission_id_758f18c8 ON public.rapair_db_user_user_permissions USING btree (permission_id);


--
-- TOC entry 3424 (class 1259 OID 17543)
-- Name: rapair_db_user_user_permissions_user_id_dcb868cc; Type: INDEX; Schema: public; Owner: postgres
--

CREATE INDEX rapair_db_user_user_permissions_user_id_dcb868cc ON public.rapair_db_user_user_permissions USING btree (user_id);


--
-- TOC entry 3410 (class 1259 OID 17514)
-- Name: rapair_db_user_username_df486d74_like; Type: INDEX; Schema: public; Owner: postgres
--

CREATE INDEX rapair_db_user_username_df486d74_like ON public.rapair_db_user USING btree (username varchar_pattern_ops);


--
-- TOC entry 3520 (class 1259 OID 26324)
-- Name: rapair_db_verifycode_code_ea3d2491_like; Type: INDEX; Schema: public; Owner: postgres
--

CREATE INDEX rapair_db_verifycode_code_ea3d2491_like ON public.rapair_db_verificationcode USING btree (code varchar_pattern_ops);


--
-- TOC entry 3525 (class 1259 OID 26325)
-- Name: rapair_db_verifycode_user_id_fb883e0c; Type: INDEX; Schema: public; Owner: postgres
--

CREATE INDEX rapair_db_verifycode_user_id_fb883e0c ON public.rapair_db_verificationcode USING btree (user_id);


--
-- TOC entry 3532 (class 1259 OID 26360)
-- Name: social_auth_code_code_a2393167; Type: INDEX; Schema: public; Owner: postgres
--

CREATE INDEX social_auth_code_code_a2393167 ON public.social_auth_code USING btree (code);


--
-- TOC entry 3533 (class 1259 OID 26361)
-- Name: social_auth_code_code_a2393167_like; Type: INDEX; Schema: public; Owner: postgres
--

CREATE INDEX social_auth_code_code_a2393167_like ON public.social_auth_code USING btree (code varchar_pattern_ops);


--
-- TOC entry 3538 (class 1259 OID 26384)
-- Name: social_auth_code_timestamp_176b341f; Type: INDEX; Schema: public; Owner: postgres
--

CREATE INDEX social_auth_code_timestamp_176b341f ON public.social_auth_code USING btree ("timestamp");


--
-- TOC entry 3552 (class 1259 OID 26386)
-- Name: social_auth_partial_timestamp_50f2119f; Type: INDEX; Schema: public; Owner: postgres
--

CREATE INDEX social_auth_partial_timestamp_50f2119f ON public.social_auth_partial USING btree ("timestamp");


--
-- TOC entry 3553 (class 1259 OID 26381)
-- Name: social_auth_partial_token_3017fea3; Type: INDEX; Schema: public; Owner: postgres
--

CREATE INDEX social_auth_partial_token_3017fea3 ON public.social_auth_partial USING btree (token);


--
-- TOC entry 3554 (class 1259 OID 26382)
-- Name: social_auth_partial_token_3017fea3_like; Type: INDEX; Schema: public; Owner: postgres
--

CREATE INDEX social_auth_partial_token_3017fea3_like ON public.social_auth_partial USING btree (token varchar_pattern_ops);


--
-- TOC entry 3547 (class 1259 OID 26389)
-- Name: social_auth_usersocialauth_uid_796e51dc; Type: INDEX; Schema: public; Owner: postgres
--

CREATE INDEX social_auth_usersocialauth_uid_796e51dc ON public.social_auth_usersocialauth USING btree (uid);


--
-- TOC entry 3548 (class 1259 OID 26390)
-- Name: social_auth_usersocialauth_uid_796e51dc_like; Type: INDEX; Schema: public; Owner: postgres
--

CREATE INDEX social_auth_usersocialauth_uid_796e51dc_like ON public.social_auth_usersocialauth USING btree (uid varchar_pattern_ops);


--
-- TOC entry 3549 (class 1259 OID 26367)
-- Name: social_auth_usersocialauth_user_id_17d28448; Type: INDEX; Schema: public; Owner: postgres
--

CREATE INDEX social_auth_usersocialauth_user_id_17d28448 ON public.social_auth_usersocialauth USING btree (user_id);


--
-- TOC entry 3498 (class 1259 OID 17679)
-- Name: token_blacklist_outstandingtoken_jti_hex_d9bdf6f7_like; Type: INDEX; Schema: public; Owner: postgres
--

CREATE INDEX token_blacklist_outstandingtoken_jti_hex_d9bdf6f7_like ON public.token_blacklist_outstandingtoken USING btree (jti varchar_pattern_ops);


--
-- TOC entry 3503 (class 1259 OID 17676)
-- Name: token_blacklist_outstandingtoken_user_id_83bc629a; Type: INDEX; Schema: public; Owner: postgres
--

CREATE INDEX token_blacklist_outstandingtoken_user_id_83bc629a ON public.token_blacklist_outstandingtoken USING btree (user_id);


--
-- TOC entry 3556 (class 2606 OID 17387)
-- Name: auth_group_permissions auth_group_permissio_permission_id_84c5c92e_fk_auth_perm; Type: FK CONSTRAINT; Schema: public; Owner: postgres
--

ALTER TABLE ONLY public.auth_group_permissions
    ADD CONSTRAINT auth_group_permissio_permission_id_84c5c92e_fk_auth_perm FOREIGN KEY (permission_id) REFERENCES public.auth_permission(id) DEFERRABLE INITIALLY DEFERRED;


--
-- TOC entry 3557 (class 2606 OID 17382)
-- Name: auth_group_permissions auth_group_permissions_group_id_b120cbf9_fk_auth_group_id; Type: FK CONSTRAINT; Schema: public; Owner: postgres
--

ALTER TABLE ONLY public.auth_group_permissions
    ADD CONSTRAINT auth_group_permissions_group_id_b120cbf9_fk_auth_group_id FOREIGN KEY (group_id) REFERENCES public.auth_group(id) DEFERRABLE INITIALLY DEFERRED;


--
-- TOC entry 3555 (class 2606 OID 17373)
-- Name: auth_permission auth_permission_content_type_id_2f476e4b_fk_django_co; Type: FK CONSTRAINT; Schema: public; Owner: postgres
--

ALTER TABLE ONLY public.auth_permission
    ADD CONSTRAINT auth_permission_content_type_id_2f476e4b_fk_django_co FOREIGN KEY (content_type_id) REFERENCES public.django_content_type(id) DEFERRABLE INITIALLY DEFERRED;


--
-- TOC entry 3574 (class 2606 OID 17626)
-- Name: django_admin_log django_admin_log_content_type_id_c4bce8eb_fk_django_co; Type: FK CONSTRAINT; Schema: public; Owner: postgres
--

ALTER TABLE ONLY public.django_admin_log
    ADD CONSTRAINT django_admin_log_content_type_id_c4bce8eb_fk_django_co FOREIGN KEY (content_type_id) REFERENCES public.django_content_type(id) DEFERRABLE INITIALLY DEFERRED;


--
-- TOC entry 3575 (class 2606 OID 17631)
-- Name: django_admin_log django_admin_log_user_id_c564eba6_fk_rapair_db_user_id; Type: FK CONSTRAINT; Schema: public; Owner: postgres
--

ALTER TABLE ONLY public.django_admin_log
    ADD CONSTRAINT django_admin_log_user_id_c564eba6_fk_rapair_db_user_id FOREIGN KEY (user_id) REFERENCES public.rapair_db_user(id) DEFERRABLE INITIALLY DEFERRED;


--
-- TOC entry 3562 (class 2606 OID 17545)
-- Name: rapair_db_judgeuser rapair_db_judgeuser_group_id_b079c490_fk_rapair_db; Type: FK CONSTRAINT; Schema: public; Owner: postgres
--

ALTER TABLE ONLY public.rapair_db_judgeuser
    ADD CONSTRAINT rapair_db_judgeuser_group_id_b079c490_fk_rapair_db FOREIGN KEY (group_id) REFERENCES public.rapair_db_competitiongroup(id) DEFERRABLE INITIALLY DEFERRED;


--
-- TOC entry 3563 (class 2606 OID 17550)
-- Name: rapair_db_judgeuser rapair_db_judgeuser_user_id_fade8e89_fk_rapair_db_user_id; Type: FK CONSTRAINT; Schema: public; Owner: postgres
--

ALTER TABLE ONLY public.rapair_db_judgeuser
    ADD CONSTRAINT rapair_db_judgeuser_user_id_fade8e89_fk_rapair_db_user_id FOREIGN KEY (user_id) REFERENCES public.rapair_db_user(id) DEFERRABLE INITIALLY DEFERRED;


--
-- TOC entry 3564 (class 2606 OID 25911)
-- Name: rapair_db_organizationcontact rapair_db_organizati_organization_id_2fa94cfb_fk_rapair_db; Type: FK CONSTRAINT; Schema: public; Owner: postgres
--

ALTER TABLE ONLY public.rapair_db_organizationcontact
    ADD CONSTRAINT rapair_db_organizati_organization_id_2fa94cfb_fk_rapair_db FOREIGN KEY (organization_id) REFERENCES public.rapair_db_organization(id) DEFERRABLE INITIALLY DEFERRED;


--
-- TOC entry 3565 (class 2606 OID 25985)
-- Name: rapair_db_team rapair_db_team_competition_id_ae217dde_fk_rapair_db; Type: FK CONSTRAINT; Schema: public; Owner: postgres
--

ALTER TABLE ONLY public.rapair_db_team
    ADD CONSTRAINT rapair_db_team_competition_id_ae217dde_fk_rapair_db FOREIGN KEY (competition_id) REFERENCES public.rapair_db_competition(id) DEFERRABLE INITIALLY DEFERRED;


--
-- TOC entry 3566 (class 2606 OID 25970)
-- Name: rapair_db_team rapair_db_team_organization_id_66d625b8_fk_rapair_db; Type: FK CONSTRAINT; Schema: public; Owner: postgres
--

ALTER TABLE ONLY public.rapair_db_team
    ADD CONSTRAINT rapair_db_team_organization_id_66d625b8_fk_rapair_db FOREIGN KEY (organization_id) REFERENCES public.rapair_db_organization(id) DEFERRABLE INITIALLY DEFERRED;


--
-- TOC entry 3567 (class 2606 OID 17724)
-- Name: rapair_db_team rapair_db_team_user_id_bca298ab_fk_rapair_db_user_id; Type: FK CONSTRAINT; Schema: public; Owner: postgres
--

ALTER TABLE ONLY public.rapair_db_team
    ADD CONSTRAINT rapair_db_team_user_id_bca298ab_fk_rapair_db_user_id FOREIGN KEY (user_id) REFERENCES public.rapair_db_user(id) DEFERRABLE INITIALLY DEFERRED;


--
-- TOC entry 3568 (class 2606 OID 25992)
-- Name: rapair_db_teamcoach rapair_db_teamcoach_team_id_4fa8f561_fk_rapair_db_team_id; Type: FK CONSTRAINT; Schema: public; Owner: postgres
--

ALTER TABLE ONLY public.rapair_db_teamcoach
    ADD CONSTRAINT rapair_db_teamcoach_team_id_4fa8f561_fk_rapair_db_team_id FOREIGN KEY (team_id) REFERENCES public.rapair_db_team(id) DEFERRABLE INITIALLY DEFERRED;


--
-- TOC entry 3569 (class 2606 OID 17587)
-- Name: rapair_db_teamgroup rapair_db_teamgroup_group_id_319c3028_fk_rapair_db; Type: FK CONSTRAINT; Schema: public; Owner: postgres
--

ALTER TABLE ONLY public.rapair_db_teamgroup
    ADD CONSTRAINT rapair_db_teamgroup_group_id_319c3028_fk_rapair_db FOREIGN KEY (group_id) REFERENCES public.rapair_db_competitiongroup(id) DEFERRABLE INITIALLY DEFERRED;


--
-- TOC entry 3570 (class 2606 OID 17592)
-- Name: rapair_db_teamgroup rapair_db_teamgroup_team_id_e79ab444_fk_rapair_db_team_id; Type: FK CONSTRAINT; Schema: public; Owner: postgres
--

ALTER TABLE ONLY public.rapair_db_teamgroup
    ADD CONSTRAINT rapair_db_teamgroup_team_id_e79ab444_fk_rapair_db_team_id FOREIGN KEY (team_id) REFERENCES public.rapair_db_team(id) DEFERRABLE INITIALLY DEFERRED;


--
-- TOC entry 3578 (class 2606 OID 26054)
-- Name: rapair_db_teammember rapair_db_teammember_team_id_5b753ac4_fk_rapair_db_team_id; Type: FK CONSTRAINT; Schema: public; Owner: postgres
--

ALTER TABLE ONLY public.rapair_db_teammember
    ADD CONSTRAINT rapair_db_teammember_team_id_5b753ac4_fk_rapair_db_team_id FOREIGN KEY (team_id) REFERENCES public.rapair_db_team(id) DEFERRABLE INITIALLY DEFERRED;


--
-- TOC entry 3571 (class 2606 OID 25997)
-- Name: rapair_db_teampreviouscompetition rapair_db_teamprevio_team_id_59ac97d7_fk_rapair_db; Type: FK CONSTRAINT; Schema: public; Owner: postgres
--

ALTER TABLE ONLY public.rapair_db_teampreviouscompetition
    ADD CONSTRAINT rapair_db_teamprevio_team_id_59ac97d7_fk_rapair_db FOREIGN KEY (team_id) REFERENCES public.rapair_db_team(id) DEFERRABLE INITIALLY DEFERRED;


--
-- TOC entry 3572 (class 2606 OID 26002)
-- Name: rapair_db_teamsocialmedia rapair_db_teamsocialmedia_team_id_d845932e_fk_rapair_db_team_id; Type: FK CONSTRAINT; Schema: public; Owner: postgres
--

ALTER TABLE ONLY public.rapair_db_teamsocialmedia
    ADD CONSTRAINT rapair_db_teamsocialmedia_team_id_d845932e_fk_rapair_db_team_id FOREIGN KEY (team_id) REFERENCES public.rapair_db_team(id) DEFERRABLE INITIALLY DEFERRED;


--
-- TOC entry 3573 (class 2606 OID 26007)
-- Name: rapair_db_teamsponsor rapair_db_teamsponsor_team_id_c42dc1ad_fk_rapair_db_team_id; Type: FK CONSTRAINT; Schema: public; Owner: postgres
--

ALTER TABLE ONLY public.rapair_db_teamsponsor
    ADD CONSTRAINT rapair_db_teamsponsor_team_id_c42dc1ad_fk_rapair_db_team_id FOREIGN KEY (team_id) REFERENCES public.rapair_db_team(id) DEFERRABLE INITIALLY DEFERRED;


--
-- TOC entry 3558 (class 2606 OID 17524)
-- Name: rapair_db_user_groups rapair_db_user_groups_group_id_ee5402b8_fk_auth_group_id; Type: FK CONSTRAINT; Schema: public; Owner: postgres
--

ALTER TABLE ONLY public.rapair_db_user_groups
    ADD CONSTRAINT rapair_db_user_groups_group_id_ee5402b8_fk_auth_group_id FOREIGN KEY (group_id) REFERENCES public.auth_group(id) DEFERRABLE INITIALLY DEFERRED;


--
-- TOC entry 3559 (class 2606 OID 17519)
-- Name: rapair_db_user_groups rapair_db_user_groups_user_id_bf6a4368_fk_rapair_db_user_id; Type: FK CONSTRAINT; Schema: public; Owner: postgres
--

ALTER TABLE ONLY public.rapair_db_user_groups
    ADD CONSTRAINT rapair_db_user_groups_user_id_bf6a4368_fk_rapair_db_user_id FOREIGN KEY (user_id) REFERENCES public.rapair_db_user(id) DEFERRABLE INITIALLY DEFERRED;


--
-- TOC entry 3560 (class 2606 OID 17538)
-- Name: rapair_db_user_user_permissions rapair_db_user_user__permission_id_758f18c8_fk_auth_perm; Type: FK CONSTRAINT; Schema: public; Owner: postgres
--

ALTER TABLE ONLY public.rapair_db_user_user_permissions
    ADD CONSTRAINT rapair_db_user_user__permission_id_758f18c8_fk_auth_perm FOREIGN KEY (permission_id) REFERENCES public.auth_permission(id) DEFERRABLE INITIALLY DEFERRED;


--
-- TOC entry 3561 (class 2606 OID 17533)
-- Name: rapair_db_user_user_permissions rapair_db_user_user__user_id_dcb868cc_fk_rapair_db; Type: FK CONSTRAINT; Schema: public; Owner: postgres
--

ALTER TABLE ONLY public.rapair_db_user_user_permissions
    ADD CONSTRAINT rapair_db_user_user__user_id_dcb868cc_fk_rapair_db FOREIGN KEY (user_id) REFERENCES public.rapair_db_user(id) DEFERRABLE INITIALLY DEFERRED;


--
-- TOC entry 3579 (class 2606 OID 26319)
-- Name: rapair_db_verificationcode rapair_db_verifycode_user_id_fb883e0c_fk_rapair_db_user_id; Type: FK CONSTRAINT; Schema: public; Owner: postgres
--

ALTER TABLE ONLY public.rapair_db_verificationcode
    ADD CONSTRAINT rapair_db_verifycode_user_id_fb883e0c_fk_rapair_db_user_id FOREIGN KEY (user_id) REFERENCES public.rapair_db_user(id) DEFERRABLE INITIALLY DEFERRED;


--
-- TOC entry 3580 (class 2606 OID 26362)
-- Name: social_auth_usersocialauth social_auth_usersoci_user_id_17d28448_fk_rapair_db; Type: FK CONSTRAINT; Schema: public; Owner: postgres
--

ALTER TABLE ONLY public.social_auth_usersocialauth
    ADD CONSTRAINT social_auth_usersoci_user_id_17d28448_fk_rapair_db FOREIGN KEY (user_id) REFERENCES public.rapair_db_user(id) DEFERRABLE INITIALLY DEFERRED;


--
-- TOC entry 3576 (class 2606 OID 17714)
-- Name: token_blacklist_blacklistedtoken token_blacklist_blacklistedtoken_token_id_3cc7fe56_fk; Type: FK CONSTRAINT; Schema: public; Owner: postgres
--

ALTER TABLE ONLY public.token_blacklist_blacklistedtoken
    ADD CONSTRAINT token_blacklist_blacklistedtoken_token_id_3cc7fe56_fk FOREIGN KEY (token_id) REFERENCES public.token_blacklist_outstandingtoken(id) DEFERRABLE INITIALLY DEFERRED;


--
-- TOC entry 3577 (class 2606 OID 17680)
-- Name: token_blacklist_outstandingtoken token_blacklist_outs_user_id_83bc629a_fk_rapair_db; Type: FK CONSTRAINT; Schema: public; Owner: postgres
--

ALTER TABLE ONLY public.token_blacklist_outstandingtoken
    ADD CONSTRAINT token_blacklist_outs_user_id_83bc629a_fk_rapair_db FOREIGN KEY (user_id) REFERENCES public.rapair_db_user(id) DEFERRABLE INITIALLY DEFERRED;


-- Completed on 2025-01-08 14:42:49 EET

--
-- PostgreSQL database dump complete
--

